cookie_id,score
ck_315fb710a0e371e7,0.00068530688659852084
ck_a76ee3b3e3e522fd,0.16741960146306037
ck_94c9a4d382689e82,0.15143811995573023
ck_8eaf9509ad9462a0,0.0010371881418695461
ck_9a88a5a989cb5bc6,0.018700987021774005
ck_15239ef0689c1a35,0.012132106483763923
ck_8de69cd219d3b87f,0.8235970586759227
ck_f92cd37022b0ce21,0.016724388534966925
ck_1a3ff7620580a514,0.016492165244244832
ck_397c03aa33a57310,0.51625577232640385
ck_a7cf6c3b322f6b7a,0.028314169135614617
ck_c39a9e75760e3201,0.0072718456444912285
ck_88ab6d245228c38e,8.0631143840648439e-05
ck_17733f75ebdea93e,0.0051227348636690489
ck_58eb871e8d7bed52,0.074636255014445776
ck_e55b7fa67db1ec27,0.0016463814323166414
ck_62f5cfe22c952694,0.020912592498961297
ck_7fbb709a0fe95759,0.0050955263624638189
ck_87abe9cd066a20fb,0.053937959211806226
ck_d58e058b5c553dd5,0.0099385199075417881
ck_d27b872648b71202,0.0042510261935515469
ck_4b4a3c5b95c55b43,0.00097116979074357308
ck_66dd4f4b4127256d,0.0018412630894916204
ck_93cc12703b500613,0.14521709243711245
ck_d28806a2179092eb,0.9985952985252875
ck_0595c2a0c7881e05,0.02632759220383623
ck_50087d8666191144,0.32778800025772109
ck_b08b3f089138c901,0.019478954026440107
ck_fe3b67041dad2dd1,0.0014125606378841255
ck_8449a28f7d475d93,0.064383463575970384
ck_8642e3b6d84f49d3,0.004507818440939673
ck_e49b5e4f2f2e79db,0.89288867036465303
ck_437afe412ea4259c,0.31340622248824129
ck_569b83668d74042d,0.97618230952569585
ck_233a487d31c3e631,0.99975353576042636
ck_1fca72e03143a645,0.98682248737406097
ck_79205e31223df2ad,0.15847039768765495
ck_9625a64406ea16e3,0.0071031163102659462
ck_079bd18dacb704a8,0.17987983684610415
ck_4db6d4fd2b49aa81,0.016785645910070434
ck_0dbefdac0a1868fb,0.0039173275063727701
ck_24ff97ad90bdd69a,0.27461635492580216
ck_77f8c5042065d506,0.005378280468340154
ck_f11be8ce05382cec,0.014860430995736163
ck_c9d72140b0389216,0.15170268214040383
ck_69eda24e931fb36a,0.00092455035967489458
ck_ed471e496916ee15,0.0041754306305720901
ck_ff090498c4b17ac3,0.0028588534259810557
ck_c3c19d6a0720915c,0.001176322640754605
ck_af02e1817cfa40b5,0.14327369395534842
ck_2df5a9fc87553eb1,0.0032149873343625675
ck_4ac918e884cff336,0.058427305442768272
ck_ca149244b54ef3ad,0.00023199488831274759
ck_6babe5b8674ff51f,0.0041565916875299543
ck_1573878386886290,0.0032927067129211183
ck_3925f8565abb7fe4,0.022043761200181214
ck_c4de808ae69c771f,0.0002756902750257901
ck_a777c813551281fe,0.034836779440128231
ck_df4424f6dd85080d,0.27928388667066101
ck_85e5494ec20383ae,0.036712974813038354
ck_f71a4094e889c3af,0.002785832393646933
ck_f2f3cf9cd23b2809,0.11349245217558532
ck_18e2076397bcc211,0.14674836440658881
ck_c9f9fddef39bc664,0.052123153645824198
ck_7e826e233d6ea028,0.0025143974570467778
ck_62fd7eb46bee9210,0.024952370958573299
ck_206f8e3cd72768f3,0.11067031087596511
ck_aa295a11b0a6ab36,0.039232800443117159
ck_9a56739d81f84a53,0.010059541659433954
ck_aa075c418ed9fe5a,0.033556105239832434
ck_62b9fb3db284941b,0.0058300823983436119
ck_f4f83b1403ebea46,0.018739917983177305
ck_16b66bd803288bc3,0.71618741639537431
ck_c4ca1434f3778f1d,0.99915924125311539
ck_1b823610371a29c0,0.020588472215820552
ck_c2bd5a722aa637d9,0.011080842024216213
ck_7890208951df34f0,0.026822527997479872
ck_020eb0e454524ecd,0.0022795167886520309
ck_3b66196ccf436c35,0.0065405776976749487
ck_109fc467ec0a4af5,0.18004421246799118
ck_f3dcd818db92de7b,0.0045147866740689506
ck_31e7742f160980ef,0.058388744293091932
ck_77fce5f86f00b8f4,0.42979589795598905
ck_46bc797b4d07d607,0.0051666162194490281
ck_37899b1b571b1c6b,0.026669232110827328
ck_ef8a6af43fedd464,0.0071718004485785535
ck_bcc8519fe8521038,0.047739272748691719
ck_90696b7182dd9129,0.0083252171797685674
ck_4a24ad61d017e1ba,0.03556069338505307
ck_0acc3d8c67218b9d,0.011409149614611147
ck_05c97fc9de11aba6,0.48706119418206462
ck_f8ac3a0500c0ec62,0.015694081834255573
ck_617b65141f546a1c,0.010383175201851957
ck_9d00823bf60388d7,0.041095689218037863
ck_123c15d93f1840f2,0.28764936917884776
ck_573feefba6bf78bb,0.15955236853496163
ck_b25657bd16739036,0.014784463944560358
ck_bd26d2bef14a8597,0.0059316648456263412
ck_a553418f2fba1440,0.055362761313502956
ck_89f3e380b0686963,0.020290911074482998
ck_b359192aa659bdce,0.0081835917536953184
ck_02241f3dc301bebf,0.012001001042248823
ck_5ccc1a1c78cb33ee,0.13077349941555133
ck_349cc5edda1b8853,0.22087677515639828
ck_e9f228845bf6e28b,0.35915793804846663
ck_0a45d033d4e280ea,0.060488582011595154
ck_7e63168dda612235,0.0014439368837371076
ck_676fa5f6aae5475b,0.029798954200260887
ck_74b502b20690ccfe,0.018759871221231621
ck_073509af21dd7f5f,0.79757766809137853
ck_498a0acd450944d8,0.0015178278835741958
ck_7f15b50b29dead01,0.053916729044770254
ck_8089fe7403c5f537,0.013557368330902562
ck_05b2b04e11d9ae9c,0.03945395205889958
ck_31e70f2f04b48b88,0.0008984906137438982
ck_994316fa5a02b319,0.0043121661128419616
ck_b76510998b9a2260,0.023234525502073885
ck_4db95c310e105d30,0.0016411822961309918
ck_6f730b77dc6cdb84,0.013948422821663965
ck_2493ee8e7b91d304,0.027636257142831556
ck_92d679d6ac7dcdcb,0.22703684321990428
ck_3a0e0200cbb185cb,0.046768819560069341
ck_0b2eeb4e00ff7955,0.02043596024535756
ck_9843d0e61c37ebe8,0.99918598997350971
ck_e61c8721e3ef1921,0.0071057283380596284
ck_2e0eedaaf2980c2c,0.0043779257006394262
ck_9036b2e5e9298a34,0.0055764409734583732
ck_3265442528d51728,0.04753023998006016
ck_f2ddae2eb1cb29b4,0.031671916655066551
ck_6cfa71d27fc27f92,0.043229302339559447
ck_f3199fbe84a28b9a,0.027694313021267625
ck_b78d785ca3ef773a,0.020274587137072839
ck_374865697f1480eb,0.13142136723480197
ck_06d0e4a9189302a9,0.037322787667329028
ck_9c9884b9bcaa552e,0.35410366139633864
ck_fd4cf578e87703ff,0.038400993414410944
ck_1917ef3e6e345549,0.25290404587985532
ck_e70418b00cbbbac9,0.19182752566807276
ck_a60388296a47062c,0.036963993662916667
ck_d598fe8d2c779ab9,0.0098094569540089251
ck_646dc03de4c31803,0.95022932501800672
ck_e4fd8cbd842b6993,0.00093860309473879503
ck_2225b555aa2a42ed,0.11789420205597953
ck_6be8ae9d78148882,0.0049495660867893308
ck_4199342d3aca74e8,0.11496509386140538
ck_779581adb573261f,0.020058133753867745
ck_bb303568b6915205,0.11414370791914255
ck_17c4296276448afe,0.0077936808376398541
ck_a60a61ac829252a0,0.01218841490886579
ck_6ea70950c1cae00b,0.98995752037317564
ck_1abb93f6924645e1,0.044553757993561843
ck_faab769cce19879a,0.080668312694481201
ck_d5b8e74e7ca6355a,0.09645997361627856
ck_f11f7691af16ad07,0.00051712223256953987
ck_188fdf2be7c92e9d,0.99907710072004874
ck_4a103f8254b366f7,0.065605861987037398
ck_bfa17a0b1760e616,0.0047675752792950268
ck_a4d7f6a5869d440a,0.99183938350857881
ck_58e20f5a3e7f11b8,0.77298629220457848
ck_4becdd3d2696c7ba,0.0050055435959503077
ck_dad5cf32ab9f243f,0.02159685856257125
ck_7d9f73dc7c4f90c3,0.54168787052498701
ck_c19371047a2d011d,0.00079549257448094336
ck_247589ff532f7aa8,0.007139235574438383
ck_7a9f241d5f082567,0.0039663227601372626
ck_0a2b7078736b4dda,0.0020572987744567621
ck_687b412e2aac7eb6,0.016379942080936963
ck_fce0b6855886a0b8,0.011172441664117671
ck_e291cc60920456d0,0.20154634974589472
ck_04219a7ea798db51,0.1377031959407663
ck_286bfd719836e9f3,0.55022313217121877
ck_55efc92394fee232,0.010074734088536401
ck_e36c8da1bd359960,0.12730096055182233
ck_34b0988a97d96902,0.025683847185706363
ck_e0fb11fc9dcb34e6,0.0086513971529881099
ck_bcc9cbc9ed8b7c31,0.017104980918838063
ck_3df8da6f60a89a5b,0.0084237325635352807
ck_b1495ee5c59a6b28,0.046803984969586383
ck_58f4c3ac61fda129,0.17880351990781607
ck_735f244b99e3aa8d,0.017299620025790493
ck_6b93bd8abf87b1d6,0.9846701952327509
ck_12107dacc6d05bd1,0.00096957232229743996
ck_f96db2a1f3448d1f,0.01065837721537749
ck_8fd91a3c99e19097,0.0065394158367390954
ck_910205d25388a0ae,0.00028600333644724534
ck_d229dfa0e4442628,0.0030687660076986071
ck_7cdec61e1c488798,0.011265812515170968
ck_f66f06e24ff32671,0.015154977459445287
ck_350bf14e90b503f5,0.01381697705492408
ck_61fff5fdaadd394b,0.0046648181786182281
ck_e934f984bad2ff91,0.69100291084009635
ck_ff6a6d3547dd2d37,0.070237095073755584
ck_65ad9b15979e3247,0.062026037930805994
ck_bbe1a2ea5a403ad8,0.54127923619653739
ck_6f3a28eecd2c4031,0.025900318828780973
ck_a89b66665714058f,0.0083860787609835417
ck_918c92182b6817cd,0.078508527171803094
ck_64f5eb4be9e7b8fa,0.74914318402412738
ck_d021fd497ea35fb2,0.023841592867145975
ck_004de16f7d8a42ae,0.03033154883494343
ck_a33d2325f86ab12d,0.013479740490405779
ck_89790ff26c844bc6,0.018442018673539944
ck_e6e7257377c37b28,0.087474356744800211
ck_a2cc3910a641a808,0.94672927095970261
ck_646e270e0195bf05,0.0095842738708721339
ck_baba5d66def0d770,0.3328220292440377
ck_67cdcdda3033842d,0.16161731444324731
ck_b5c3075c811a2216,0.050231429321113609
ck_515379973a8044b8,0.0041216673065288135
ck_c0ce85fb4109567d,0.062750541065780971
ck_fef850553862aaca,0.0010442534195919658
ck_55d7217b0aff9fa2,0.021273188524648844
ck_8e139f8925ef7968,0.013431444114946177
ck_9e35b908fca1e4d7,0.0011306690309809283
ck_59735f4ab2ad3da5,0.040975423614833403
ck_dc569c1167ccec0d,0.93847275677305153
ck_1dade5592f90a15c,0.064460731188353285
ck_793048d11fb8b328,0.31892009245286573
ck_545b71eb4fa594b5,0.0022705056604710679
ck_bd30853e9a57b544,0.018574921978357917
ck_59f46321ecf6d306,0.015914759365385955
ck_260cfe9141d249f1,0.38236056118953382
ck_3365a0ad1a8aa83c,0.0063427071075311467
ck_b0ef193195a2138b,0.0025588159916057895
ck_0f909705e2e60f2f,0.0092368085197854829
ck_5a540b75c866166a,0.014291029504087177
ck_87c26b2f41025109,0.9979500385676805
ck_27acc9f320cda104,0.26842224631234535
ck_a27bc31eecd9cb9a,0.018199225055428481
ck_115d86fabde77b65,0.0011095718105431384
ck_eeca179341d56f8a,0.84818703329202672
ck_8e5999c436cf037e,0.00064137996625694943
ck_510e7c5df1f95d90,0.99909086763009969
ck_f1acf73363925958,0.053388573414922161
ck_3c177f5970b68bd3,0.016648670680784579
ck_9cdfaa1c30cc9d32,0.0016310280168127357
ck_c8efa1538b37c359,0.03508270694382986
ck_a8a2e296f9804bd7,0.10084634205768736
ck_91a0ca45f429568d,0.047041066644204578
ck_5fdf8a0bdbd3ed62,0.044870023769055793
ck_0f4e2ec66d50da5f,0.0061504379764809698
ck_28c53b214b2ee882,0.59105390830992044
ck_003148504557f720,0.33542331333241782
ck_01d840cffb870615,0.66151377438777714
ck_555848d51f4b5f35,0.035022195603596359
ck_df20cc23b8fb8e22,0.0052290709244608357
ck_f9604adde929beff,0.0020144635539474155
ck_d66952b03591bdec,0.010495665762496798
ck_ddcac1ab765ff61a,0.01505006126505665
ck_347386629d96c664,0.019159784301436333
ck_ab01db9117acfe3d,0.0076103189292057883
ck_58e5359efc52e0ad,0.012006869238105646
ck_1a524b5cc8da71b3,0.083056719296501921
ck_e9287b6d909d731f,0.00080521008468222629
ck_bb41a66e3d90263b,0.41463275503855301
ck_e95c8cc1864bd584,0.0045155150366287412
ck_7a3f2961e9a8b6dc,0.011261196086149316
ck_378a9df82b1e0bee,0.65548777757995658
ck_42633573639a3f02,0.99440087652398579
ck_2a5a4c18c2c7274b,0.0052850833784184644
ck_77549c1a41f837c3,0.019180389047491891
ck_a26704b5b26258b7,0.031500781116703146
ck_9874ad160efddf50,0.0041343613631851343
ck_9111e3a04b14dfba,0.058214935770818328
ck_651e076ee43aea85,0.023557951517881603
ck_391639c0f13932f3,0.0006818355265144296
ck_02dbabda93c8c13d,0.066914366392693977
ck_0adcb1fffcb0a34b,0.13105367420492842
ck_7a43ef9c7b1c67b5,0.0010100926034926194
ck_4b9dd69946438d0b,0.015300463073430023
ck_90bf017cdd37b66e,0.1315814992182639
ck_61c74163eb36556e,0.033611343159005116
ck_13376c59b5bd6943,0.0061107199763372269
ck_62337eccb1672737,0.020759681901941524
ck_16077934338472bf,0.0062212340345198097
ck_0d4dfd93086e7330,0.0031796272949517227
ck_3865b7525b910893,0.024550648124348227
ck_7e2ae8b69ebd5675,0.006014113975814455
ck_b4384b6c11766ce7,0.021297081591166816
ck_3d7fa32dfb9fc692,0.16919705124035073
ck_f4a6a7cadd6e0603,0.072732640903295814
ck_212525e2828a6c45,0.011865308379994444
ck_33ad8d53394ba77a,0.81339600869453443
ck_a5051eafe8b51224,0.044553647119135904
ck_f65e5ff7da565f91,0.0073567283692978196
ck_5c37f7563fa7591d,0.021547747915166903
ck_f1e0a006068aff29,0.027644852158258095
ck_c646cdead6fb79d0,0.017278300653006076
ck_f8b3cdffef535330,0.10916255924999044
ck_e5cdbe3aa12c97f6,0.013339534215722225
ck_986e4e61440506d0,0.36871411315867825
ck_6da9c5912e15d9a8,0.0046058291658224552
ck_51d842e6dae74c71,0.0064693663122702043
ck_5fc65c24e0736d5d,0.95598793432527063
ck_babb95a76c69509d,0.10477032807909321
ck_86a2d852a9715432,0.013843582491891758
ck_db4083a0d043def8,0.5959140057274146
ck_96953b8945b7d403,0.0082048246626815376
ck_7831ca5c31fb3859,0.36149642317815811
ck_60ac5e5f375daa38,0.015893934320752499
ck_05d44eb1f5f085ce,0.026118600320490713
ck_432cc19c7eeaa46e,0.064572820253729846
ck_7fc513033af061af,0.09646684081391714
ck_ada6ede84c111719,0.014519114272597208
ck_6343e0d3b1c2962b,0.023650514188777311
ck_010264ae04f2e902,0.18422436710801188
ck_e9dcf535f8c289eb,0.19658026048877641
ck_37143d9cc296e6fa,0.0044675757346161731
ck_61fa051192f3e810,0.020356446964304116
ck_f9f93d1d41be1468,0.92071668530948014
ck_c4f4f28457be8a74,0.00083403775777761804
ck_323a71f9452d21cb,0.87489136930288147
ck_170f4688e0acd875,0.22541204911174917
ck_869b1878d09d230d,0.60799419668717558
ck_2f6b33bf46976229,0.0018748168472842693
ck_b11e22e75d9b99de,0.00048182441366183401
ck_123d75ffb75b606d,0.0075783526183007969
ck_94295287a04c85d2,0.20186057736422464
ck_1b0434f096795328,0.00067307847613642382
ck_0a4e191cd0a57ce1,0.0056545959019327907
ck_d2fbd0df99634676,0.011602528349358196
ck_d51df5e9fbbbcc94,0.24240591255100996
ck_2d3d7d64a6f443f8,0.022050991697765279
ck_731943c682c9394e,0.043710235618789964
ck_5ccc0c94e5e1f849,0.028074549306859292
ck_c3476080516db25d,0.0098967958513839077
ck_5010ffb1c94187b5,0.0019750024665654243
ck_7ef666d67bc70223,0.065419325579941262
ck_c1b493527224a27a,0.0028986205794477907
ck_5d1e25d7acc5af9a,0.0093373953840663118
ck_ec30b61cbf517db8,0.0034806918655101169
ck_79323eb5d2e5efae,0.0039050509841074259
ck_4085cd3bf2661518,0.018361775918808085
ck_2ca91214c357c072,0.64160170682185402
ck_7f3132d6be389657,0.13187618884254435
ck_e7a6b925c8f39a85,0.083283813667012777
ck_c886adec7bac250a,0.030777259649178879
ck_c3f360c2d0ea0a37,0.018486883133627157
ck_a7acd5b015823793,0.019950858877366293
ck_9d64187c0800f84e,0.022190676064530533
ck_5d4ed73b9efd7d11,0.027987945313239677
ck_874eca6776b34dec,0.0019709650828304373
ck_96a9221a87be93c3,0.17285587305125227
ck_68dd79a51eabf5e6,0.12175884912392199
ck_8311cb6755b2016c,0.0013379502806076722
ck_16fc77b2bcf5ec03,0.98148858275903694
ck_ad9e2088a33c8c72,0.00072839200419040531
ck_7176bbc97b1e42a1,0.0033516861429545184
ck_80dfa54b30f65fff,0.94603403102408001
ck_31c54d540b128843,0.0077229643748824382
ck_43ea894480567274,0.068592184031772349
ck_9c9e8a38bd5a6c88,0.10212055605845605
ck_1c2dcae19539e148,0.12546025625403587
ck_b0fa8b84e94d8ae0,0.0077950835369007725
ck_4ceb43ccd0a81c2f,0.010943022442886863
ck_ba845332b730b596,0.0012258094581793087
ck_73d3e8c6077f61e6,0.45544551744595563
ck_b5d0d223ef56473f,0.056686202146547529
ck_949f08f8e80e93ea,0.0049035124412007067
ck_73de0b49709e5f8c,0.017016149722420357
ck_b5935e9722a39819,0.078112667491647775
ck_96247fee0eb44420,0.011445581644903165
ck_a6def1e4b2d57e0d,0.074135537060482398
ck_aecdc5a96321a2d8,0.030305305025143392
ck_bc61c59970f8de49,0.16853950551977903
ck_c43b4175fc9ac5bd,0.94868016530539423
ck_8ff7a9b23a55fd62,0.011077645786245214
ck_20c99b645f462449,0.0033718266595255172
ck_a5ce2ae36fb410d9,0.00079446604359264693
ck_96fb9bf556842bbc,0.019120183961691246
ck_b5e4c6dbbed1b773,0.034550202980318107
ck_2085433978e72ea9,0.15146044929042674
ck_2c6b174b063ec637,0.081803192806694125
ck_b20b81b88dabe28d,0.010451250126243997
ck_243c18dbf150831c,0.00042922904765973845
ck_2bb6a17e8eee35cc,0.16980737742400823
ck_66147fb994495396,0.50737723386626199
ck_73f124f075ede0fc,0.0060134803646065427
ck_2e315f1b1e533dab,0.0048952823248084761
ck_16c7bf94ed3e7a6f,0.00045208094974098252
ck_4a0eae220a762ac5,0.068950004317811592
ck_dc16f939c2f44ad8,0.24787498767003924
ck_817926b449754917,0.010837348703885356
ck_0c0dde42ab64ef87,0.12254254724556751
ck_cb3a40594da6a2ee,0.092672750330665646
ck_d0dc156441fcfdcb,0.048401892588732107
ck_66f0945add423e9e,0.035196194801780802
ck_a74f6a3030f5d495,0.054459955384802181
ck_1ae460f331e49ae2,0.026770966752392239
ck_2d177b2f4f0b40c9,0.35433954781511495
ck_92e474e4368c4791,0.039163776308122192
ck_3dee83fa2d109484,0.0027726798636569573
ck_80e5ea27848069fe,0.0035601750799583195
ck_ed0c4a83701ca230,0.030807791724572556
ck_0b8b7c5c581fd161,0.0006908453760709715
ck_60bf8a2870956fb1,0.015022772925149927
ck_73a54b56a2bf35fe,0.95167548852931549
ck_2296d7a563424883,0.027027003533662025
ck_bc19c383560c7477,0.05364618974049401
ck_861d8e3d88f1079e,0.15732259014374367
ck_3f090fc96c24eb28,0.0020938607083539227
ck_9a6a1f8102febfca,0.029845459554617093
ck_541b6ad5d2fa5a39,0.089226504718149371
ck_a760d38d1bc4de97,0.0032551294439333617
ck_7dca4d7ee10b4eeb,0.0043870841881885102
ck_15220e78d1545e40,0.022625603971507473
ck_ca24bb0de508efb0,0.020891521100087629
ck_56b389627d8f02c5,0.99712823371971626
ck_48a6754977a44db0,0.009480145956821829
ck_333a43ec339a04cb,0.052767932199651091
ck_f22aacaf86a65d7e,0.14075345268546807
ck_04bd8a1ffaf3ffd8,0.004445530447313736
ck_2737a72de6b700f3,0.18881778224708676
ck_c35e03b0dd0c3454,0.023273621307866324
ck_e0571312f395cd94,0.027823062438174236
ck_09fab6b9825001b2,0.0049438504355884738
ck_18c3a095606209e8,0.028309782235696954
ck_2a97db9377d01e36,0.0063877353860450278
ck_f29dbbfdd2786bd1,0.015378624960023481
ck_35d6c510ad29362e,0.52398748192817779
ck_5468fa99c945d785,0.029531159006696332
ck_6f8102f62c876cc9,0.13214760582582888
ck_91955aab3424ad16,0.014344511360841094
ck_9a43c0c73a39d759,0.04211949751011463
ck_60b023af6d1e30bf,0.84840660169316928
ck_9704c5cf8659cedc,0.018991651397289623
ck_7e5f02b51b9f78bf,0.1208483313650886
ck_7d3a88d1aa649708,0.96278752759180652
ck_8250eddc1ecb07a0,0.19247014335787421
ck_d979ef95ee44023d,0.048867364229651974
ck_5e5461dac83531ac,0.0063300558422910227
ck_d1bb8890081e0a31,0.014060001322040508
ck_32246c62640648d9,0.0012939601995764982
ck_77a40c7d2f862a32,0.033093019215343702
ck_1c8b94efe9238f5b,0.0030488965098679982
ck_eaf3b6d11bc3cb11,0.0023947975822138359
ck_a4a7ef3ad799c380,0.042954383194266407
ck_d5bd8f68da073cd8,0.034397106329666777
ck_6e6258227fc8db7f,0.0021848857325005326
ck_c35d444e05799db6,0.025201850830232277
ck_74665e1209140ae8,0.027662657641507077
ck_353a272478f7e903,0.020308620162497112
ck_a2c9796ea229a4e2,0.0095900550910871848
ck_e0171f91cb3411fe,0.074092597768297241
ck_703499f5410280f7,0.0022207837022334216
ck_ae3a763997f8f385,0.093941208094137807
ck_f7ff94c3df5ac874,0.0070609901415387265
ck_f3c16d8f747db046,0.16417827515437394
ck_7ef019ed77276496,0.0020364028133307175
ck_d6a4faadab58a3de,0.0043665215725918975
ck_ba7b78d31d74c794,0.012930439749653327
ck_36287d063350ce9d,0.0017833504596003423
ck_5177fc7137ff26ce,0.0030069156273126729
ck_dfd4e79aaa967b63,0.020156914473745145
ck_fb44d15fb93a7157,0.037752309159686685
ck_fca478361870a4ca,0.025036610384048794
ck_e57b94fe57341058,0.080400852192039504
ck_5448c946cc4758fe,0.035903065976427784
ck_c5ece5ffb8800ad4,0.008950519157271521
ck_11cb98211b2ed134,0.99588432269873239
ck_f655399ac75c4450,0.007688912865094006
ck_c817259019588d30,0.030934206972104479
ck_8740a14d8096c6e1,0.02216454209034685
ck_0c5ba86f4e05b38d,0.041155411931147072
ck_ccc917533d4b73d4,0.025426924627324071
ck_9eb80edfa43203de,0.03752145983471452
ck_d1a1cf4cf61d6801,0.038328534612253023
ck_b17c239f160e6017,0.0079197619776157999
ck_410c3e13b48e0415,0.0034252676690671646
ck_ab553954435e8854,0.97613150243069213
ck_bdbb4230c91e1604,0.055528245565543088
ck_8fd4937eadd64fb6,0.0057818728158264346
ck_e0e90b196bef3c11,0.0019693932214147085
ck_3dc4d464386f0eb2,0.44575929484192622
ck_51bbbf8f8e8ad005,0.99974210145917408
ck_c05737ab74cf03c6,0.098887921151775415
ck_dceabbe04d99afc2,0.00014022040335439013
ck_5b86fd14e85bc9c7,0.90130545335385748
ck_d4febf0083800424,0.019867537455078955
ck_77d9f86dcf251739,0.0095480114612901436
ck_b4dcebc543deaafb,0.028870652198584944
ck_cb856e75c949b0cc,0.00029941958982431974
ck_61b067de8ffc1ca1,0.051003449869319914
ck_c0e8560ccfd9dd9d,0.0013929808915374242
ck_173e1198c341087b,0.0037770141705282178
ck_b4d55bc809000276,0.064133183920629361
ck_839bf139296b5cea,0.03885371984774609
ck_78cd402a2a4f2e35,0.0028067631891531531
ck_c2925c50ebacbdba,0.0015470614848913204
ck_5e3bc76eddbdb0a6,0.0031225415927732744
ck_b7793edca26fc512,0.018996206978599162
ck_d79bdf04d6f31cd5,0.0038723407025331898
ck_4b97d19ed946f503,0.062396685189615511
ck_37139b41c5370523,0.24224799843254852
ck_8c346eeefa9ce692,0.022420568229423045
ck_2ab7eddee2d8c49e,0.0072039490608920738
ck_29da59ea3bffb9d8,0.6199469773666445
ck_c1d05ef0ec6e4be7,0.0077088476668394565
ck_3882423b449f6291,0.99627438415564262
ck_5647030283171ed5,0.93550834950851203
ck_efbdcd9c181e72ca,0.0086989417554722698
ck_192fdad892782daf,0.43990781199124362
ck_0bf2e13b9f2601ac,0.035952322989982667
ck_3d6046a533057795,0.0045949397179346103
ck_279a1d3a3836e5cc,0.025148900044402546
ck_c375e929becde422,0.016117087802467973
ck_a59e90219939a1f0,0.002173893151496542
ck_4e9fba1ec54c3ff8,0.017120768167226599
ck_bcbd8588a13f5eef,0.00035778631258103443
ck_5f9a7ff990341bdd,0.0015532091454835419
ck_e0403d507519b7d2,0.013303616627816851
ck_c9490cb61aff5112,0.051952565156521191
ck_41dd44308e6a665a,0.68967363136810123
ck_76c23726cd7ca947,0.025610534072929479
ck_9be551300209fa83,0.073194050689973505
ck_a98848eec6c9581e,0.045915395964440185
ck_61176dafb33b2d8a,0.76351004210040418
ck_92de019e05971ce3,0.018580877145144604
ck_5d644224135d7c65,0.019910293025182865
ck_c767fc454fa215d0,0.002638569284466874
ck_5df85a8924e11f27,0.25166358490137253
ck_da2729307af06ed5,0.10092579716213658
ck_7c6b577174af7a78,0.0049038066460265154
ck_893b8afbe11301e1,0.017298218720578518
ck_e06f6fed020ae014,0.0099058989087054145
ck_386680372fb54857,0.0029411699660682597
ck_7a7f3c4fe0c9d2ca,0.008804207910595864
ck_f908b527c4db422d,0.093263538286304959
ck_ec2eee6a133e9a6f,0.16036902650672935
ck_d98934f9fe0b02b3,0.00052796012042438797
ck_398a1ed77b0130e5,0.035819074226017752
ck_d960af7a55b892b1,0.011034792766032638
ck_4637e54a9f79e2e7,0.0024864643233745167
ck_02b9f418524f6650,0.029609482786287732
ck_d4b23804cebb045d,0.038084969680084318
ck_35b1939c48182a9a,0.020598575501548505
ck_2dcbb71e39d64305,0.11197764270750038
ck_47a884dec960ff2d,0.048222258648454142
ck_71fd8c346fde5cca,0.17246502693144727
ck_98e1992ac8e7d2de,0.12756023671263209
ck_ae7780327e210522,0.043895633434127897
ck_e6c584b4b1ad6d9d,0.014405571106595736
ck_344b2e326a6c3dcc,0.0031668976226424768
ck_9aa899a5230b0963,0.02592800491614947
ck_e48d14d5b70ef5aa,0.0339589329479838
ck_59d380a0973b3951,0.017689049355958008
ck_11318f7c041a5ba9,0.0072953170836727414
ck_7061786fe2f22f5a,0.041407718325550485
ck_e77529651c416cf7,0.010345527467539237
ck_7f79878197340435,0.0029202785230484363
ck_b0a0fb0ee9ebf106,0.028361519466693616
ck_70c7679199776a90,0.035677211515267378
ck_b9facd2210daca5c,0.37246687289390468
ck_9949f53c155b8dde,0.0085380983587705836
ck_1c607e24f2c4397a,0.10177879950167712
ck_aefd1ce3ce093cbd,0.00087432011749640133
ck_5a29b7018e43280c,0.00096586711594413648
ck_69eb0b2ccfbe5f95,0.0074523295823714
ck_fe037765aa465c58,0.015885050478067691
ck_5e512ef5362a3dd6,0.0083841534528883016
ck_544a9e80b7fdc279,0.0033391069786991474
ck_7825494e654d5695,0.051065267621822598
ck_f1f2c3c623553f0d,0.0018556649442443758
ck_52730906e5b461eb,0.927507204974789
ck_01e0689157fe9617,0.5078147754756962
ck_9da82e567074da9d,0.013362843125487241
ck_6a17384072f904c0,0.015176797786433983
ck_8d84d771a21942a7,0.0010137566679854367
ck_39638880292782a7,0.0087472454077670535
ck_7d51c86e0eec72ac,0.011425197468105932
ck_45f4c821c70d134f,0.86436752321232702
ck_0af3c13ba56ce57c,0.0056234103892129055
ck_0789a05e061b2784,0.46327308804398937
ck_6ba091eb42ffa9fb,0.21153724594598727
ck_265accb3c5c32620,0.36439695524012711
ck_179039559ff7566c,0.055169466984944682
ck_17c0a6a92b5765cf,0.007898562198105627
ck_59371c9140239fd7,0.028203747709621953
ck_f9c4f8b4ce2691f0,0.012573456069356812
ck_a2637e4872cf4811,0.2850967824782441
ck_1de43fd6c6c22a5f,0.54898284213936066
ck_6e4f31bd108571f0,0.0007297320359103105
ck_da06d97db0b18851,0.0030540592382644685
ck_e0346d5081e640e8,0.14510494831629295
ck_c1c7d4e62c9fcded,0.074396232934971121
ck_2595669e421299f6,0.028313400824375883
ck_3b6057d51fd4c7d6,0.0074794907554533527
ck_c5f8ab515840a0fe,0.010436541860888692
ck_435cb24538c6f77c,0.17868056079839134
ck_d84b5403da4cea7b,0.020776927796542711
ck_c2b61a98d1c8f6dd,0.9179514119367449
ck_c9dcd92b2f836b61,0.19876562596275971
ck_9eb5b3f5f672c2b1,0.001595854052200247
ck_e4cf189a8d31649a,0.0049389862245804422
ck_6b114f2a48152b96,0.00099295709792369892
ck_3fb95862b70f505c,0.04974166065093151
ck_7f780f465c29398e,0.012841393829458637
ck_ee387f9da79e67ea,0.035936916973138985
ck_fa3b1e85d27af2ee,0.050842292614219388
ck_e739eaaa7a1822f2,0.041740953441180569
ck_dfa0ac11fcb1dabd,0.0032772728050414002
ck_6e8751b571ea54d1,0.023893475471001679
ck_2d695f8358383092,0.032850447328541435
ck_e7dce27edb700f27,0.013668823164432386
ck_e322da8b213eab52,0.0031812026438796494
ck_d0b32e039abb8200,0.010280824103679531
ck_b354003302b272ca,0.011840702994024874
ck_f7485cba392bc294,0.4893508870521226
ck_d6a290ff8362c7b9,0.49957637448790471
ck_c56a44fe315c0389,0.0072274428388370664
ck_f77dfe6512eae322,0.10684129192050471
ck_35fe969c58b9e70b,0.37268395925266051
ck_4c518637db2322d5,0.10187359555441274
ck_cb61902798ecc4fd,0.057774760783185171
ck_56e6cfa32156a916,0.0036861822649058304
ck_343e6ed2b9d35c01,0.0050923293493357162
ck_51440f64f7250ad7,0.14713742940258892
ck_295bca29c34cfe2e,0.036992580716652436
ck_dd30558576b45e7b,0.0083537502907788993
ck_3a30132a57181fe3,0.064010498674253596
ck_4a733aeb833406f4,0.0091298181052254339
ck_1b0b7c3d35ab1259,0.12968770366535604
ck_962c3bbf27cd4b80,0.14879933307952597
ck_9528e1d6b1707870,0.0098606396194193223
ck_b3263e7f31aab45f,0.051858565566849091
ck_e69195a3c885053d,0.0016608205829561438
ck_a907fa8795cd4baf,0.00097349672861890102
ck_205c3405045bd835,0.019361408674517442
ck_e81fc223bed3c46a,0.055619555865732632
ck_363751deae40edfb,0.20111523499286921
ck_6176baea8cbebbb6,0.0011990457613356409
ck_633e6579f5c74a5c,0.93237568180429164
ck_ddc11fc481eef58d,0.023627082926520444
ck_e975002c979e12c7,0.27743875999425083
ck_8e039b23acaaac00,0.14364736833245895
ck_1d6990d94a4d2ad6,0.042851863565472277
ck_e7b583acaa3171a2,0.098106925439931963
ck_c0133f60d39b2fb5,0.011554040717959464
ck_7d6bff85e7a694bc,0.0016908986793450786
ck_d305b4d82f63f647,0.0014411904203719009
ck_22bd0fc71f95e048,0.11876134426426463
ck_9a65fcfc7916f93f,0.0042653301499278474
ck_d61c837b0106085a,0.17783938668224658
ck_be86a1db08dea456,0.061718516610495044
ck_90489c405e6886d8,0.0032442194284261557
ck_0add2c321d579d75,0.10755464942904745
ck_482dea6eed92cbbc,0.0050062643252048195
ck_c24b47184534cc2c,0.99886319726673656
ck_fa04ac31e596e7d6,0.025023334650746333
ck_084322dc5a3a86f0,0.0022476194937344715
ck_ccb72a33cc1877b7,0.041039497639755076
ck_afaf374009d3b248,0.017098863146892747
ck_b53084ffede19a8e,0.002049647564882105
ck_4760216154c8cac2,0.59014014074322374
ck_37ad3a65db673e70,0.0071533478968956281
ck_0c2932cc0d553694,0.025439599161063045
ck_86b853c52f20fef5,0.012823621288355075
ck_38703b7546d35a80,0.055999403324069157
ck_218b7e6e6dbd2da0,0.0051267768996596103
ck_402db4184982fdf5,0.033726443654015593
ck_f917c82af80e4a79,0.09216260321577574
ck_3c6417a233c68c73,0.17308547480416692
ck_98068c397d70dd3a,0.030939291531072308
ck_b1cbd6679c0f8d95,0.019023018650068287
ck_9e962f9bb0e7bac2,0.015029458407464825
ck_b08247c3ad567d92,0.74994283637517412
ck_3ef7a03ebb81cfe3,0.0010220600215234596
ck_5d7ae0e3562e99bf,0.16871569347728579
ck_c91a628236baf91b,0.25616610634120512
ck_7f8e816ca51755e3,0.94671347689649199
ck_5aadd286d188f5c3,0.008552100407787637
ck_a037aff5f8128c73,0.0022628693760861724
ck_5df6529ce8290906,0.015660021695743147
ck_5f3609511443e5a8,0.0034179801369672025
ck_a6f61864fac3c8fb,0.0078986510162832781
ck_2733fc6ba23ae46e,0.025143969075795167
ck_22bfb9246646eb41,0.77165757606976337
ck_bfc2a57d8fd1610c,0.73922846884997817
ck_49839e761d0e74e9,0.0082019889678248328
ck_aa4ba931dd37481d,0.0023459756347298296
ck_2f9fa0d61829f815,0.044509522978182239
ck_5b82c774df10d49b,0.00088713797954049643
ck_411219470d0a195c,0.011217897038452485
ck_d07485ba10514a2d,0.62257313736919895
ck_219bef979ee21bdf,0.00031375787564546278
ck_eb1006e7285184a6,0.041003900180238806
ck_fd242b18575e3063,0.02130124501176309
ck_95188150ff059c70,0.20534770480180423
ck_a9ca2f447b984a6a,0.028777758806700166
ck_2dd39723c4088b64,0.0060915129655345511
ck_aa2b4c662ff213b6,0.018807010414425087
ck_1867b1199c864db5,0.13996150381745726
ck_850ec97a5a0dab9a,0.094678190029985648
ck_562320295fa35875,0.0039965655231691925
ck_bab5759b07fe2bea,0.0056288006634020015
ck_b9f1465d803e57b2,0.21345492842759178
ck_8f21f2690c32c691,0.11167161838556974
ck_df87d6f61a63eb21,0.0147327219687724
ck_770475876d0e7e6a,0.0052774915367255863
ck_b4c014d5c0cc9eb2,0.01537788699585309
ck_3add4d23124c9290,0.0069613471306336364
ck_bce5b7fecfb6264d,0.21088349389642466
ck_604c17cb97dc89be,0.16946348439283787
ck_e52cbcd9aafd26b2,0.0045807582450025971
ck_0ac9114076f5bf3d,0.020508285430013505
ck_dcc125b178b79566,0.0006105783251837293
ck_4e333c09f0c37dee,0.051734247681782815
ck_ff7e31ff8ba731e5,0.0083090696036127957
ck_8d0532d24f1070d1,0.0017658178099071247
ck_3689fa41748a6f6b,0.43445842784992184
ck_7509eb97c1948b16,0.017329885708951314
ck_a9161cf1ca22a6bf,0.0057664433043915931
ck_bed3e3db135b782e,0.023134529911278595
ck_9040edd974ef8e3f,0.76211476287818503
ck_fac32d76ed40f683,0.020866428222119534
ck_3d7b1078e2d57c69,0.008458908896094814
ck_dae09c4e074af5dd,0.025763567195691752
ck_fd84507228467b40,0.099488359251182865
ck_e2a2ce9b8cf44c63,0.03639169272395916
ck_cbe716f351d660d4,0.010755331634030887
ck_cba4162ef29a6d27,0.031616318761893171
ck_4f1e962ff8a29732,0.0037659797247015171
ck_39a81899dded61e4,0.0084451005950071031
ck_25382331551d22a5,0.055590686327929295
ck_6d64e1c07b19856e,0.0087854705879975917
ck_165a868bdef28ad3,0.095982784365735693
ck_88774ae52e30e877,0.031614914588482784
ck_fc7a9d0643570053,0.00076150668528429059
ck_c2017120b3b88a46,0.011038967860404045
ck_d115ac6b9fd62a7e,0.002547718831967534
ck_439cf7d51ec7de0f,0.0087077910774863935
ck_2468a7e9e68a0927,0.0077417645048941924
ck_7c418947124dee8f,0.25734436849613757
ck_fb0cf32c4a56f740,0.014108485855757639
ck_694eb6c43193afd4,0.052551620602587494
ck_993beb188dd4abb6,0.011967526816130818
ck_77fa39d3b733c226,0.17812986592770708
ck_49969a9abc47cb69,0.032898618694726628
ck_d3f44bbe2f7e9b2d,0.078455678837965767
ck_fcf5b8216d0c18ef,0.0011749184190255732
ck_daefe1e2d2bc362d,0.0045207555135410513
ck_9c9287cb28950eb6,0.0033446619248490928
ck_c1d1a625b885a975,0.053132128654390189
ck_71b37fe47490b4ba,0.0036653475422966267
ck_5d16e257c0635f7e,0.66037077948146006
ck_15918075563eb074,0.00094592141000646363
ck_9a15fdefc47e8d11,0.035077300346999261
ck_6f04d047d1dde75e,0.00051719056467754263
ck_1af2c0b3b8d202c1,0.0043490934100051419
ck_174be2231c5fd2b6,0.0011610162744923251
ck_bb0713a2a1d65982,0.01276555016455656
ck_0daec63bd5b0729d,0.022750787190120275
ck_c0b5cc3e8ad2ff44,0.050541227773286165
ck_35bee1fc12664644,0.49459652500489937
ck_a1c7cf63467df4c2,0.0060319428798779346
ck_ecb1e15f0b185ceb,0.10374160872909564
ck_f280d31f54a4710a,0.14191674066385218
ck_30f4b2ee8abe1342,0.18150797847391553
ck_66bed631354de5b7,0.007275645860285904
ck_c2d3ecd7278eba2c,0.0030158043997382004
ck_e901dec0e09eccbb,0.0075405078894135013
ck_5d038ecb3c8748a3,0.0088881925008168251
ck_283c5bea94b21e80,0.0057935937282230735
ck_7956c251b85f009e,0.95607381713645334
ck_9f5f81d771146aa1,0.0011809754046352584
ck_9323e6fc1e168eda,0.89748313609788011
ck_10495d3a635b8d69,0.21269603608377147
ck_1982d571cd36eb0c,0.0058715162935382365
ck_4f5d7985bcc2eda4,0.0066613911296068834
ck_7df526b2b4410bb4,0.16569267143249478
ck_dbb498b1a346a402,0.0024933122319880947
ck_ef059997563e3330,0.021449921611122063
ck_02ec4e06709e6b82,0.0040244117989621407
ck_9782c86ba6485f88,0.0027110055322170975
ck_d69de468b44143ca,0.0041654975806623296
ck_6430a8792f400e0a,0.00473500008205276
ck_8285bd3c90af94f6,0.0093627079870805281
ck_985c9ca112000e9a,0.12090096413768453
ck_e679fbf4f4f4aa07,0.0077758428752482556
ck_016e8c8eaf9d511b,0.067618766715464129
ck_bc996c523944644b,0.072391993892370637
ck_5b8315726f6204e0,0.051625820848072858
ck_78181f8e998e442f,0.0008939231095514568
ck_71c68dfd011dbbbe,0.8371993772248536
ck_db32c95ce2b6f502,0.95011165724781943
ck_755010362a9b1bc4,0.0030658331247243264
ck_114141d85256c9ff,0.00045217485224004352
ck_9d1a5cf5a3b87e48,0.026030701855420654
ck_ab640420858ab5c4,0.32060544730875951
ck_97a8dac48dd62488,0.69277510729176273
ck_879cc3166fe1bada,0.0034302816996273685
ck_b0ed11080076e381,0.0025783129949866804
ck_7334a9ec656263b2,0.011423375153253441
ck_6494f0ef13ce44d9,0.0029245536022162724
ck_724e459b9ece38f4,0.082622961049434923
ck_7fd8b1470401695f,0.90410410777305961
ck_292f81186358b0fa,0.0096932478804806262
ck_fa7de64d37287615,0.06344255605516616
ck_d00e09e66ed6458b,0.20523162656347227
ck_b8d210e741be186e,0.011192899774641756
ck_3db59982cbae4410,0.10895396636347254
ck_69887d0a9aaca6df,0.0013236279730622252
ck_4feb21e2fb0b3977,0.0011579109259651841
ck_08c6cc1e143475e3,0.0024794630827854268
ck_fe6e168cdbb46b9a,0.20715430331546478
ck_07f1734be7fac56a,0.046985557416452439
ck_d66d59981307db93,0.092593658934584627
ck_f928dba0d587d7c1,0.0052934766987814495
ck_786448fe3004cbd0,0.0010186201708446935
ck_29ea329fa40ace62,0.071641037293431839
ck_7ea52b6f27edcb73,0.077830665568252355
ck_18bc51bbf3ef198e,0.085772475993645209
ck_44950df09ff14ded,0.001872354471102477
ck_c1466b52c0a10b93,0.028788501878106297
ck_6cdac067cc4db5c5,0.055191871577083655
ck_53f55c6e8cf2d432,0.0026151453986878589
ck_95945f48453ca532,0.062069091465839651
ck_87cce4126e215153,0.0068990093297153889
ck_1ecd5516c92caa4f,0.0003550228775917609
ck_819b482bca14c068,0.59626027201594956
ck_a61a879dd46fc9f2,0.010410851244292387
ck_af70aa32c009c3c9,0.033142490210244679
ck_f4fe78e249092ab1,0.061212235708491783
ck_12c46bc52bf45b36,0.04264312990671118
ck_f05f5e4b40afa52f,0.086930040527426228
ck_0f8cb09d3f4fc980,0.35868716251728272
ck_80a64a7f0275a71d,0.0081396841061642383
ck_683af7b1540a0b22,0.054533694113411198
ck_51fe0b613c076cbe,0.002596848216903592
ck_da1a2450219dcf19,0.030488746580291014
ck_2a7eba01ceba6c2c,0.1219267717567482
ck_4e329e29dfa743ea,0.63794998960809834
ck_0274d881d6db82c8,0.023013035760713077
ck_0af5b7d128035b35,0.0052486042060328622
ck_ae0a7be6b0a0ea68,0.01955925888286509
ck_de5bb7a4d091386d,0.32721036318864127
ck_2bb7c17168a9d17d,0.033609266857211079
ck_0ffdff7b2f5fdfe4,0.043995740665750634
ck_718a8390b3d42d7d,0.0085195498072863432
ck_7c4f12d70f184533,0.0014108922107559114
ck_d3e2c26b8adff099,0.025320202842741252
ck_ac9d3d9754104cf0,0.0019809309007966527
ck_3b1766a1d51f8f0e,0.56168943195719589
ck_a9bf75bea912027b,0.16855581510869766
ck_687eab3ffe1f8cfa,0.049918527957565371
ck_25dd0b02af5b2f37,0.024463095130028364
ck_1747fcc466f0ae38,0.002550715113885397
ck_f6e9d14dfb6f3c28,0.15394857948777402
ck_c6a7bbd0adc4d5f3,0.20070221087035439
ck_46656a23f4456d22,0.92647996079280037
ck_7519260415c2998e,0.069450006619305837
ck_754f30ea19df857c,0.15420305452652958
ck_ba88a244d5f7380f,0.018211031308753622
ck_f268416945316815,0.0095690494444385897
ck_21860dd2159dff28,0.0012569074106823692
ck_7a86ef4e2beaec38,0.0019384607994504433
ck_0414507baeea936a,0.028344610100041013
ck_60796eb60fc3043e,0.0094046852037479034
ck_1e0841ed17fe0562,0.043038002992376208
ck_0d641d32658d6e0f,0.0059428097860903693
ck_b36086ae6d87eec1,0.020279867423973572
ck_962e65ab33b5c311,0.97394632957843807
ck_b046a42684468e63,0.01540678797901455
ck_ab3426435b0017d6,0.07413060163082881
ck_fcfe06e44d09a344,0.013507135766819901
ck_0f6d916c92189516,0.030348997361660392
ck_d4c8f0d957c3965d,0.025980257943820199
ck_2ca83dbd728af019,0.011442815044196834
ck_2857a4ce9f72fbfa,0.0021654846521036966
ck_a60e6edc48e3d0ac,0.8093479409300004
ck_0cbd3b27063d4415,0.11910136980242039
ck_612089ec90c37219,0.023853284143486655
ck_ec4e597f17f473c6,0.005963577616141036
ck_1c93cc58f314bf71,0.1374416664836072
ck_2b359a979520276e,0.010372226822901129
ck_1496568ddc3b2d56,0.034727765004166591
ck_41d91dc9f5063566,0.047299840381733696
ck_4c5ff58afe3d7a67,0.0033158187761965648
ck_81709736281fa3eb,0.0016935432760156763
ck_d89abbab3d4957aa,0.00441230662281278
ck_52453401f88935da,0.054989477274875374
ck_a477654d34783e06,0.0064821840743870063
ck_72dd0dbdf808cb00,0.044298322455793612
ck_c183dff3781746cb,0.44656901312507796
ck_c8b7f241810b45e5,0.0013808418667182671
ck_f88028c3f306bc70,0.037134344382271478
ck_91d48d69e4f5d9c2,0.0014986628129629036
ck_b74b9ba6d7c9aab7,0.13024579489589214
ck_03e904682dc73bba,0.011262102020662544
ck_fc6fed6ea96a004a,0.010748954776539164
ck_51efdd240e34c642,0.22488719308524013
ck_e78ab4ff52b5fd2d,0.014787592665506333
ck_4af7b97c24d89a45,0.15937862323242927
ck_295c0072eca7f7a2,0.011418120461807494
ck_8abd1a50a9227463,0.050523839767526335
ck_ecaa6f13304e3dc5,0.0013564978755708659
ck_de436e7b319be1fa,0.99828082583888422
ck_c802cf8f61466027,0.0026226806006924199
ck_3d83e0a3c1cfbf8b,0.009771888191025065
ck_28d2003c2d16e4b6,0.0013295420082142131
ck_8ddaf745bbb9cd62,0.0010047817620946985
ck_493b6256091014cd,0.1978793871241078
ck_a2245822cfea997d,0.0065357231834375744
ck_f7305b3c64cf8a03,0.12352599344832971
ck_9937dad93a0ed3c1,0.0085628125511494294
ck_d654449f9231ad76,0.011114800884637172
ck_850e2b59bc535490,0.074856234947130382
ck_e55e5bdfc0242aef,0.038466762148119352
ck_d35c51e981b98c5c,0.015967388298032622
ck_27cdf9c5e6f0915b,0.041681675443556936
ck_d328db1e1052d820,0.0073534827197507448
ck_0ea30eff5f361cba,0.010060560174281129
ck_9994323f97109f4b,0.99425932502700642
ck_09054e97bdf9624e,0.0021700707479938653
ck_723b4afc388113c8,0.038054820976324746
ck_588f6e6a6a6d93e8,0.030868044753159508
ck_e1d563fab4d6116a,0.01699235382194993
ck_53aca610e20598bc,0.028571294029309923
ck_c8131ddc7ed33448,0.0028556381721036367
ck_899f88464305824a,0.037529590011687937
ck_1c17c65804f8889e,0.0035983780211408033
ck_45a16ce12893cf9b,0.021363372638280517
ck_f9d481aa4f9b2808,0.69418591306826916
ck_1d5d74169cf892ef,0.029297641254974145
ck_aba32acb61c1aaca,0.07516733842283152
ck_ec4dd3675a8d28cc,0.025525345484968019
ck_5dcd443fe0bbdeac,0.0022312769345666015
ck_3a47e3f54475e854,0.00063867400601900592
ck_a9aa5c344c315532,0.038202458788049412
ck_9652283c9f61fcec,0.0012791766800302302
ck_752dd3d2487f78ea,0.0083694890519870266
ck_a821980ac4db9943,0.71939407957010748
ck_93e0d6befb67f7a1,0.050441281681755976
ck_e7a3881c3e36bd51,0.42905166295011643
ck_12631b78f8a03df2,0.0010367593763997518
ck_57b8226610b48854,0.00782137845186902
ck_352657008983fd4b,0.050470828766782813
ck_0841a5c24fd3dd28,0.014798184888492657
ck_db9b9d5d30f74070,0.12349389626401064
ck_a9dded7f6294e44f,0.030786209162034634
ck_91a16336ce3217dc,0.051779303542329826
ck_371bd9388b287677,0.0016051729071874367
ck_f285e5e1912a7c62,0.0037164876273827309
ck_368b65fca69fc415,0.19334338713263374
ck_d27a73596b6500c2,0.010212136758224017
ck_2d963f9b2c4d11e1,0.086597494215243181
ck_7c500e219af39486,0.010697934744932169
ck_7d025dea5951cba7,0.0096789995627636783
ck_32f632706608859e,0.015899319238863958
ck_53816231f3ffb48d,0.0074118752162284449
ck_9dbe184e81c1ca8d,0.29795387035523901
ck_d74123617f22a21e,0.0052274355019965701
ck_275386782b1606f8,0.0020222633727988827
ck_0b0e79d33e50cba5,0.0030576578732534241
ck_ba93cb604f792915,0.078076618016237193
ck_a86cd653472eccbc,0.010060029844945768
ck_87771861e0447210,0.15219948819369522
ck_212380e0371d8a6d,0.034980519369325294
ck_ef0d702d7b0ed745,0.0011044057896590085
ck_2b8f33e22f939372,0.93159146328901477
ck_480347ad92037105,0.024582364378796358
ck_20124c3a16c53ce4,0.020787098994634663
ck_c9e1e3229baae708,0.027271824332595361
ck_b1befe967f7a5ebf,0.19308060754944426
ck_4672167d7c989bbf,0.20325079387318595
ck_f0c44ee5e3a42e3d,0.026151600915348731
ck_c416357d20238a4e,0.0072993765095202313
ck_d0f470f8078c91df,0.0045645308824460058
ck_3a70b4ee59084715,0.011798102895530915
ck_179ed66cdfc1ce27,0.0070165831336761447
ck_387e5a7f163c7837,0.052259566465250665
ck_08fb463e69f647c8,0.99829542356028322
ck_732f725747393ec8,0.029066111053424847
ck_7cc5e0fa3ca5a713,0.0022158881374116689
ck_ad4a4daa826ac68b,0.50893939408312305
ck_472e0be7a3b533bb,0.025492698972881863
ck_7190177963eafdd9,0.012501242131299051
ck_647ac26c5900f082,0.0076642040860890499
ck_272ae2179bbd8e58,0.0066993868112612247
ck_09b0d8af304646bd,0.00047987259452871115
ck_ca0cc8ea9f344408,0.0089769271929936167
ck_332ad134fb909869,0.032935490393307801
ck_fca2798914627dc8,0.3374616570646814
ck_4450b55f462ae134,0.0040618169210268158
ck_d67d9dfb60b286b9,0.00083066830817307561
ck_a9d2bb4f2bde7052,0.0028006841493934415
ck_929bcae878a3ecb3,0.57986331553862991
ck_59a9e000fa275e1f,0.03467383602601206
ck_57f17254e2688637,0.0859678392542787
ck_0508908697f60ce3,0.34227374994805598
ck_946afc2943298d26,0.0020841508053590077
ck_7176d12b18f2cc0e,0.015592074604774454
ck_5c47b49c26cce286,0.069555296408698494
ck_b6a2bdb2d335e1d0,0.99863975875385358
ck_1d58f6caaa4d012c,0.017756282679233126
ck_71c917295020ccc7,0.0045657978623953
ck_bc89644ae3688995,0.011279328558041993
ck_e7c212f16d6df272,0.017242816554756353
ck_c6d2e11a368184e6,0.008501820079640619
ck_eed7f1f7548df15b,0.025306219827606526
ck_75b69034000ca7bb,0.097475839377959145
ck_38da3bf629458682,0.0041037761472664282
ck_90114c891239d821,0.0012213186713403235
ck_8ee08f6777cc155b,0.043871373434592173
ck_bd86132499defcd0,0.021412671692362988
ck_b95fbf2b5640aa82,0.0091713004111557035
ck_c530235393360e3b,0.0089726045222388896
ck_be52a7ec43241ba4,0.16171060592461223
ck_d96eb3cc55f2772f,0.043025848137470978
ck_dd34f0a844fb115d,0.20698013541731214
ck_17cc7b411f448e66,0.050135655842956331
ck_856ea65fa27d06dd,0.048942491797288067
ck_056d5f0301c30902,0.34175990672268558
ck_e662b14b2bab23a2,0.57275055622652382
ck_209f574c8d92274e,0.0073544780112631773
ck_62720b81617896cc,0.0056973343939471181
ck_041614694b77e599,0.010341171113556952
ck_461e3f7b97db8d16,0.032569476811686593
ck_1b74b798eebeabdc,0.019543380720444283
ck_0ed2739384f1d644,0.0033004406768807094
ck_5a4d19f1b83feeb8,0.0013223137840476407
ck_463937167965a1f8,0.032278797266593738
ck_9d7151dbdf100e0e,0.17771363307216084
ck_20a7d1ce6cc27312,0.0038161464948669789
ck_6031211ff118cf0f,0.0019304296618258519
ck_a6fc92aa91e99b77,0.98849910398130425
ck_0aaaa9d2f75a0518,0.019928150745393766
ck_ec26e327cc1848b2,0.012335339163058354
ck_0e6bebf8ae9b9b03,0.041145193208756217
ck_e107537a4cb738f4,0.0033018332652402786
ck_e8ea56e122a5a487,0.10430912986129814
ck_98149ed45d38c4d3,0.052084904615611174
ck_0e719b3a6906b8f1,0.00059406067514288169
ck_0c6e7bd357e4a348,0.0026260491061645282
ck_d3b2b250da61db19,0.96640336288943174
ck_8bb6b0a292754576,0.35453558113521394
ck_87d70f5fe48a6128,0.032189339673055817
ck_ea9edf9c107d429f,0.034794313991675152
ck_059806c52cebe4f1,0.50111088992417319
ck_a72d6df666e1c21c,0.027022576541256667
ck_1d2b80ab6c4944b9,0.025207119884995188
ck_60557f077abc42ca,0.35883452446238023
ck_e5f5cb7dd6ce4a37,0.018355005999259929
ck_4c4a939154446053,0.0076407447071263034
ck_50ede3eb561a202c,0.018994000620373902
ck_6d03a542922b2ae8,0.012428551982167444
ck_d6fe761ed0db3270,0.039943669204030106
ck_7f0cd6ea3096f985,0.0057032841559056559
ck_23edb6d938a3b87b,0.012680590395975643
ck_799aaf9f2b9ef621,0.027300493514089499
ck_f8f6a03613b6dda8,0.013360262577882634
ck_7cffb189f4f514ec,0.99168259204973785
ck_c081e1967dcd811f,0.098631154928981488
ck_583d6ca78c97d91e,0.83135756104771485
ck_9332bbc7125219a7,0.013892631395218668
ck_956b5af6d7d86c65,0.93969984177381582
ck_2d634e3f24681c0f,0.074109619010977554
ck_7b35d218ed0c5a60,0.021922692224380799
ck_ca5b1057f8248f73,0.045933523381780896
ck_ec5ea81cf813597c,0.0098624921109223725
ck_eaebaf4d28400fb8,0.044199839441473508
ck_ae2ab6be219219aa,0.0062546775056021168
ck_d99a8b4c820eb46b,0.0055001676125298144
ck_bcfb7ffb7cd428bd,0.024092715076106296
ck_3dd542c2d31be2c0,0.013730802138986531
ck_c7dd84401e29a7fc,0.0013127909456350461
ck_c4bcc7cefd40f8e2,0.00060762974664240669
ck_c251898b5d51e3b0,0.0099905900695949224
ck_36d37be780c1291c,0.0011884843109635863
ck_99b4f266b61ae7ee,0.052193317477845398
ck_c37f03995f0f0169,0.0005324924618172887
ck_65a23ac8e44eb901,0.013817582214847472
ck_644b1c1149eea9e0,0.022350311182871615
ck_9cf44eb0237c2429,0.017850284269878645
ck_20541686a94fb71c,0.21510233039620297
ck_c18245be844680f3,0.008735363602072688
ck_56de216eda6b7fa6,0.0015271294717808029
ck_406c4442dee45cd1,0.001067220291679598
ck_df1585c7d72a96e0,0.003052778577995398
ck_b8e8dba20676d87b,0.051725618369716897
ck_0ee6965e68efc177,0.025247993713000877
ck_c2a5c54ad8d0d297,0.098416836240377378
ck_bf6fb7e6470e95cb,0.00064422471249511379
ck_27fa694569140345,0.0014552812796165991
ck_e04166b0ce66393a,0.0023968376657874076
ck_8742114f4f0cb22c,0.38598901609181802
ck_6eceeafd56b42576,0.20157387999964382
ck_34f9951b0eca1965,0.046420801363983598
ck_384ccecd342a24ad,0.0029377664894800282
ck_49c98bebd1338879,0.00045002302675785442
ck_6c26c12071c91ff6,0.013397329125481387
ck_01e5986ebb9a78f1,0.071704535775517608
ck_121db7ba3be29ee8,0.032278871148652515
ck_039e6d5a330cea1a,0.077759566898398927
ck_ae8c9163cf957d7e,0.03503358396890071
ck_3f5e8f3f1df0c8c7,0.1243447786831941
ck_b1c51fdafcd80122,0.044053443919203551
ck_12e2b5ebfe8986b2,0.0039936952326823597
ck_d55eb81a4d543c59,0.046902137627469913
ck_f85155ca5c312c7b,0.012800719645002356
ck_133d8a1ac7c0e301,0.99799707224946244
ck_04212a9bb9b28696,0.99954509630761357
ck_4cc11c7d3ca61f73,0.0011481382761226791
ck_2df4854186ec515b,0.10008567217133539
ck_aa9b28e7fc43af79,0.80701244651260029
ck_47cad6c3def4c9e4,0.0016250392171752383
ck_fbff7b5da8111567,0.0082913565971006326
ck_bd25ea782e375b22,0.039913654688738233
ck_7989376f8cf64a9d,0.0088537360129837279
ck_675c0ca1ebb1051c,0.0021661817579002383
ck_1436f6e11d4008f9,0.040973509632559843
ck_812cb3a4482cc618,0.027286094630524595
ck_6e606f73a1094afd,0.014239998890865782
ck_1b708e2a4a0584dd,0.016603707137847916
ck_a60d6b324bae0330,0.013443404074228164
ck_706a4f673a9fda3b,0.65968733865127671
ck_a75ece9a9044eed0,0.007340696100793553
ck_9aa45c4e03c8c57a,0.02637970093110574
ck_9fe9bdce982b312c,0.22252004409128673
ck_c6fbdc5ba68a8466,0.044311363467912708
ck_ed0cc1b1c28f9511,0.18396530354071058
ck_a4e2607b4c8021e8,0.0014895431395509696
ck_e02f93f51cc8caf3,0.017810078407745598
ck_7084ed3cf20781b7,0.11777056696236554
ck_cd4c63155570d6ea,0.0033632138421574738
ck_d1b9e5d32d2d789f,0.016843050314063655
ck_68f56f6560a7a933,0.002851228184958734
ck_8bedacc6233c6269,0.034635113956663278
ck_ab7cb50407d6b13e,0.094708201542687026
ck_f17ed7e0fd687742,0.18360707295086129
ck_b0fe4b92fc70f72c,0.0084701477535501571
ck_84d62b8196da2452,0.010176982906314091
ck_9e298cae167f4693,0.0034486713458842986
ck_405b20ef9ad0ba5f,0.33145087016900787
ck_813e02e1ababd177,0.017605274205165687
ck_f234ab47061ba7c0,0.0040836843991520462
ck_22b587c18363899a,0.010020242288892884
ck_4e862c2f48c38aeb,0.0074479601542764735
ck_b89cb90a420c9075,0.025976880021615842
ck_be2251640f27a3c9,0.22141927792688348
ck_46bec0bff167ed3f,0.1972092210417169
ck_c0032232c2868328,0.0095007742879074306
ck_030cf09525dba4ba,0.0028272064068391028
ck_6ecf56236789fc09,0.99374864946050367
ck_38d4ed52cbe6d123,0.064940736381855144
ck_2d923d957ffd4d53,0.04950405539356495
ck_3af1eb88728ed8c7,0.036644974073595085
ck_2f8120ca80a1592c,0.030743856880732855
ck_6cabb1a133f0b151,0.023584837924107063
ck_bb6cf7e7b707731d,0.90773695274992916
ck_c8307fecafa90140,0.014798422653339836
ck_75f968be67f46d24,0.038150724749448098
ck_df6fe4ec5a233213,0.0029203201037659816
ck_b53e88c0e927d896,0.00042773541473650425
ck_f0093064aa28f4d0,0.050895100547631945
ck_ec9976cabc63ff92,0.0047923058717113925
ck_30dac0a58c5590cb,0.28180842507635617
ck_348a525791ae6475,0.086160429028131702
ck_b898d912d1181ef9,0.041612926638542012
ck_f5b1200dc6f95760,0.065537551024085025
ck_54978a073e7a0b1a,0.012256400053040203
ck_55933936536a4071,0.0094379578546166486
ck_d6ba7ffd2ae08863,0.011886843343922815
ck_404e2217fd87fdd2,0.0019623353737124398
ck_dfaafdaefa5716b6,0.20537260790348741
ck_556c62e92d4e7e5b,0.21437125318981265
ck_7ce44f4e06d58111,0.29336922070154353
ck_465cb8ce232c7670,0.0098591695283810205
ck_237508ca4fb37268,0.038616377540688994
ck_ba4a6b9aa63964ef,0.014986007362229787
ck_4802a0a7a1882c88,0.45610542973781076
ck_9478dfe4114c30f6,0.0013792472141879986
ck_5138f6c575dec64c,0.01107395320161402
ck_aebb42afe430e2e9,0.0018015488282612988
ck_004efa95555437e9,0.0043173828979649739
ck_11af112667c98394,0.0097374144474835379
ck_44e9a18a8645c9d3,0.0051136078531909207
ck_2605fd571219e28d,0.0004013139351311446
ck_dfc933493561d84f,0.018405588676580063
ck_67674348e68d1f25,0.010463190654206493
ck_dd97429277a2fa00,0.10385448647881654
ck_d3eab7a06eb48348,0.04729060601242413
ck_0b9fcff9667ec05a,0.016524313742955148
ck_fc4bfd6e739bddea,0.001697354104913007
ck_43292f70a03ddf2b,0.049656905413634905
ck_5ff6108056a3fef5,0.017671059308011376
ck_767e0be086b5f601,0.082013569716575779
ck_b8465b1a5666155b,0.02191501873680439
ck_ab2e3fc56f5b3aae,0.021815134178679873
ck_1833c81d693c1e07,0.9922768804825568
ck_0308e0602b856445,0.0052560240706736082
ck_ccbdfe744acff8bb,0.030183966847455009
ck_b294aa27a0b586d7,0.0039261098393725989
ck_a3747201f377626d,0.9945903707617465
ck_edde1d7d1db24725,0.13652926026351753
ck_ae3b47d6e1063704,0.035285499797995917
ck_3aabf5e0f4defb41,0.039221440174210628
ck_f034adb57391f3d7,0.22733650806708311
ck_533672fb40531607,0.32683897808922596
ck_2a244f1ae08ef83c,0.022430251427524816
ck_a35d81bcc54ece2f,0.023937511302067244
ck_78a61215675b38f0,0.024457218204545533
ck_e013d88ea7939616,0.011728863200744248
ck_e5018f9418e0102e,0.070456445034962456
ck_d4e024fcda401a31,0.0093885562614746277
ck_f736cffbdb82db34,0.00014402166262452207
ck_1507f5aa50cdf3a0,0.017884731908826151
ck_18270fee7c8fcee8,0.0017169914336038709
ck_95ffa1a805a1c9d1,0.0026348458948577658
ck_11132d245b94d045,0.0055679548003583629
ck_7b93a622e40d8b14,0.26678821995498675
ck_3854c08d17704347,0.094860870480035553
ck_7717fcb100dc4b5f,0.098860102614951026
ck_ba54e0a1c328119b,0.84787404864238924
ck_a7afdac4ecbf2de4,0.86858135378819379
ck_ecfb771ed2352085,0.045568498233941324
ck_68be4fefc85a6b64,0.58763729583514646
ck_dac7c50bd6d0148f,0.027193238354714912
ck_87cf36a03bd63c24,0.43094889705052242
ck_8adb40b168b59d7c,0.072087344467705011
ck_8d2f62930777416b,0.09106700478143237
ck_9958b58da9e3c21c,0.021651982251015552
ck_9440335375701f44,0.0051990970133611557
ck_e2f88e202b6f700a,0.008748534843921324
ck_4c7c50684827a2cf,0.014262687654324556
ck_8a6ea4a79b1c7a8e,0.011438818464255485
ck_186dbff4b24a3bbf,0.43845317696753683
ck_220fda3c11c59b6c,0.23143082863317832
ck_3acccc69f8b1fd14,0.062720119310853056
ck_9de191bf79afd676,0.0057170329103668135
ck_6de6b1663f9457f4,0.0031181881180388097
ck_062754f8b79b86e5,0.001570807753004318
ck_aa153a89a52f7eb5,0.04397048478349376
ck_34a6bd3be642f15c,0.054562237767166274
ck_9371c700d9830326,0.044839742801943021
ck_a99e0c258ad7576b,0.0044780355995690975
ck_0a7ba51d626e932a,0.040619046531650521
ck_852c50bbba1ead13,0.2603844719868868
ck_43dc13b6b6d31297,0.098583448020631792
ck_7d81b59d615a6649,0.048161550335303303
ck_39a3f1da060e88bf,0.031566948765702797
ck_6fb2d142c09ed3ed,0.048156096307628286
ck_6e5752b87324b58c,0.0090937101040313752
ck_9441d48a12e8a4bf,0.43056654849288856
ck_09e9c51eb538b255,0.02684939964847597
ck_8d0cd981ed3a183a,0.016112256323105572
ck_57c07c45269ca8c0,0.01310719763257563
ck_ccfc9ab888ba933d,0.11204912155489549
ck_9658a6ef471053f0,0.010344236235612156
ck_dac3852758f4ea89,0.0032244365321859956
ck_b1ed2278f5f14d82,0.098457536707754825
ck_333544d173524f70,0.094721865696201071
ck_fd4582e3853ef23f,0.054173346561155952
ck_614d936cef98db04,0.0031058196719339296
ck_6bc351a3d57aac54,0.022600009175924911
ck_af5842fa7202ff25,0.0027826484932616264
ck_81307759252571be,0.0096841404870573432
ck_b4d2f02d2cd45720,0.75899106381184378
ck_1bd753a4681946c8,0.99677040641764203
ck_46d8c029d46867b2,0.027380937047846492
ck_b7da6640fa2f49cf,0.51228514083773002
ck_9ea3d5a5a91fef9f,0.14305412075266133
ck_7b922518f667f76a,0.00033033670007962684
ck_2a5b31594206eb30,0.60036199586306305
ck_d9506476ad3f9e08,0.0076677978422055888
ck_c8791f7ebd4d93c7,0.084012367329643442
ck_b5a3e20fd210017d,0.013789326383973503
ck_8e54386f4fe22cad,0.027159060500259357
ck_75296704f5806f56,0.040048072774220643
ck_0fbbc7a6af300368,0.004095113020947172
ck_d19bf4dc0627113d,0.0044315627583421772
ck_7951bd4eb99a0175,0.0011242255026934905
ck_059e4fac6b7f704e,0.0038092841390738458
ck_2ce8931af02a2ce3,0.0058491664928884309
ck_9e665618a4860306,0.0029308330895650536
ck_6fce5a893613fd2c,0.00025173675384948166
ck_9e3fbd04e3532f32,0.52384397841652175
ck_55f2ef0de3420e3e,0.28989738104473539
ck_8d87658a6f5d204c,0.87932686310363839
ck_6d6ac1f5dd882aa5,0.00026963665937568547
ck_55d0c7012d7ef236,0.054589596331618591
ck_7738eb085e5753d6,0.0078164651660749436
ck_0e6e05c3cc8c8242,0.020299764806506256
ck_8d27ff8383d48132,0.019093212280635478
ck_9afc3bb849f3a64d,0.017715643897336902
ck_27eb86a9898cdfe3,0.0072499245830337485
ck_1d40e4fc541abe93,0.28343424721696675
ck_4fd9dc00e1913587,0.99454762795230245
ck_b26cdb2b7b165d2e,0.13819022234606534
ck_a79a27767a02e31f,0.1252480113709786
ck_f0c18cb9f951a71e,0.026998508556336398
ck_50460e0189de6274,0.98174851798677643
ck_5e5280539257c986,0.013733782153089956
ck_eeb854318b3a6f0a,0.010666105823682475
ck_943f66f28dd24750,0.00011878503601049742
ck_984dd7452aee372d,0.14555778225062174
ck_ecaa6de0aca5e9a0,0.029363178814216566
ck_8f1cbc432e2774f8,0.044395828399163
ck_d91d9f8445b9769a,0.79524271925526901
ck_73c18e03e3c7612e,0.00050350021311333572
ck_aded05ada490da20,0.01202931287098692
ck_f744e208183971f8,0.00066647243861610067
ck_02d4cef6358ad3b7,0.0056403338677235345
ck_08ff5bd467226a5f,0.00092216823182055192
ck_f824b326d5089885,0.75303162885161901
ck_3420f2fd520890f3,0.025989249112001265
ck_1838cf8d00f5b1e1,0.01614834026655278
ck_a85182ad90b6f1e1,0.001154845874359477
ck_fecb39c82c43e76d,0.0039081334445032262
ck_162513e73782929f,0.057388526956311234
ck_2c27b77c59d8f23b,0.48723894154286496
ck_4221e07b17388fd3,0.22854122246281636
ck_adfb8472d5c3d669,0.038275283993012346
ck_0742fe64055d686f,0.0010741339929306406
ck_5060aefcc8b6f958,0.016401922751757201
ck_643f549b4ac78a26,0.7041859520068281
ck_dba767885bd6ad69,0.0052381471309291758
ck_0dda35c0c64c7073,0.98861486005387356
ck_38ea56d43afa5660,0.010246539492889686
ck_d813e15ac91f487c,0.24296925879120101
ck_4c840e5585a7b167,0.38945636045978299
ck_cb8551453a7bb929,0.0051783487811113919
ck_05a00b1dd5a03359,0.0034061405392030396
ck_837cc7fd48453a01,0.0030271892933697482
ck_49dd816b31fba6b6,0.66175388986610995
ck_86a61d9a39768e87,0.048755218126074862
ck_cd0e76f0e7bb38cc,0.019924330325177046
ck_dbe58392635133ca,0.10504088894963223
ck_3caec7dd6f8d02c9,0.059504241693885226
ck_bfd9bfc5b6ab4a54,0.099612411840968348
ck_2103399bdb2898a6,0.0080684254848152059
ck_329f7de7279e74c5,0.0061342201783981185
ck_9bf0d28119fc42c8,0.034229559114947142
ck_f781539b1042dc83,0.013701569772808902
ck_9986c7d781ac6b4e,0.0058441331096636771
ck_a627734880aca848,0.0016633884942772058
ck_2106e509d77fdb4a,0.88596518871259433
ck_420d1a9c604293ce,0.046789897008689761
ck_fce0610c527e2b56,0.09523187207211084
ck_073da541ec3f9d3d,0.022005742568005998
ck_aa5f3ab48c17fed8,0.37164235918245403
ck_0fc1086e1c9e04b6,0.0019604467901054657
ck_5c33bb46c1a5945b,0.046880704894628783
ck_500948a8d4bd8e13,0.048711413067092049
ck_19becd44f2c3d2b5,0.082919158876494731
ck_7d0fe77dd5ddb656,0.016467512185583105
ck_f158d9e5f101bb35,0.041922142049896728
ck_cdd7c77823c2257f,0.2236398024997959
ck_6c7b41374f9b2e55,0.027643059599112792
ck_417090dbffb1a63c,0.054811420325554167
ck_dd0e17605f970319,0.0070276869692177894
ck_3646515079e6be55,0.0033166106509350131
ck_89c8b06aa8c84b2d,0.12236640098813253
ck_e4d6dedd97233c07,0.10005585016170038
ck_bc82fb1895fddde5,0.0053323564712366347
ck_88a8b1d442ca3686,0.062958823477240855
ck_5791f8f76a629a4f,0.088415743799264521
ck_9cf5e88e97c8c7ea,0.015648572832229809
ck_58fd684aa5a6f289,0.00010542742520304297
ck_9800c21dfbd8e811,0.010698019103339982
ck_8ae64df60ab6ccda,0.023502434945179826
ck_e535fb0f0c00418d,0.118278023235423
ck_48011996d54855ac,0.47244296493450766
ck_ac79c72a8fe3fdef,0.041525002940767657
ck_b8cc2df5192bc49b,0.075361054303099015
ck_e96a5e1f08f8a867,0.010977463735580865
ck_84df6770549e43fa,0.0061864715100619196
ck_e5f7b99ba6ec5767,0.052894211960756422
ck_8347455ab53ff620,0.0036047573829060811
ck_a84f2cdf695a71d6,0.015016857194147307
ck_90456160115f9ef4,0.0052336964473993896
ck_ebd178b3f3a9c50c,0.028974110862107182
ck_e1140be6157bacbe,0.00152973808332071
ck_744ffc11d32b96bc,0.08288134017375838
ck_e12a9f7d027e3387,0.0049588404386353892
ck_cbe525da0b69f18a,0.072098190651120553
ck_aa59702537557ff1,0.21167181598006277
ck_0348cc6908f7f3af,0.00083970104780842615
ck_120e995d50956bee,0.16189398411681688
ck_9fcde1ff46cbbea5,0.0031432221404793905
ck_54b0b070689c50d6,0.0014427272544852417
ck_966a167758fddfd4,0.057317160324331054
ck_d5194f2e92fd6427,0.022103131813374095
ck_2ee84f3fa27f2cb8,0.0029698078960373642
ck_57d0a7eb7eae2eaf,0.1348528295303329
ck_6a2c4edd82e10969,0.0027940794440399286
ck_96e4d38ef670eaff,0.024740913677118111
ck_52cc2fd5095b169d,0.045614733420102596
ck_4b088920f3a844c1,0.21457976080187752
ck_8f3ccbd20d59f1f4,0.0060073224475212916
ck_e5e5dc431bed6f9d,0.003163579990069003
ck_e8b5bfa6838e28d1,0.03414455422243743
ck_4bfeb78b47b7c6a1,0.16893374755868734
ck_a705c61bd679496f,0.015943963993449835
ck_731869a0c39cb2fe,0.065118552647654759
ck_259eb102342057ea,0.0093528141371929992
ck_47a6005fabc33551,0.015121927779951279
ck_682262b455a9edd4,0.00049457740778199562
ck_e839d104854945f0,0.00088717660727866696
ck_761989aa4c47d746,0.017724357577036012
ck_44211dc210139ed3,0.047397419059955523
ck_9915ceedf63a5289,0.38833773972553542
ck_da59ab47cb6284ad,0.001273670572648827
ck_e5cdbfcca2456652,0.0033636404871727078
ck_13f2560c6a1ec62f,0.029093404453683851
ck_a0543e9b3abe1001,0.083038052476521323
ck_11c7a58e09e6547b,0.0634208814729295
ck_69587a134d43a4ad,0.22613118569106969
ck_28dc0de0ae291f37,0.079868904671174815
ck_298922703c5bbe05,0.14247563267484598
ck_fa5ba9ed9ed6a343,0.19958227808954651
ck_c08e64d424e56c05,0.060331510100369884
ck_598e036a28262aeb,0.22422425130158352
ck_3f7c870510083a51,0.042537800080662325
ck_364f8203a3e98d36,0.67162066120165453
ck_7333cedb61506ead,0.01699201015455935
ck_1d96d7fd65f208b2,0.019662769380014523
ck_63133a79f23e2627,0.09594445627757732
ck_901d820e0b72abae,0.0034632531152743225
ck_5dd80b3c01457bd8,0.028998455532985051
ck_c0b8067c144ed6c1,0.031621551528055084
ck_cebb8aa8c8f62c60,0.014439384281237042
ck_79749eca42ff1f5f,0.0069990260730960268
ck_2cc1d9b587f6da31,0.25869717012822058
ck_ccc7916b56d42195,0.017644161869284442
ck_e43e53cc7b8b8e41,0.020671887891494257
ck_4ab74a6e7450416c,0.0030475677095814723
ck_6e44024e9de301c6,0.0019475867528067205
ck_dd78cb6ae2866cc6,0.03043244695252479
ck_c363d3b050baf3b8,0.036779579591192602
ck_2d46291975f0dd08,0.0023855274811876272
ck_76ebeb5aee42f041,0.11473687352212736
ck_8395f004cf4d4c08,0.0011275632946914295
ck_de7259c3741db179,0.046603885808225623
ck_3938e92585df2b34,0.012076817402521246
ck_af69bfcf4f07d932,0.0099948816943596606
ck_1723900ab9afe374,0.32163610386785368
ck_3d58628d1c853c8a,0.019710827998210508
ck_12a074db100481cf,0.26338660462253227
ck_8716cbf892c50e29,0.020216894637479908
ck_fbf7351958ad9615,0.010613032048994303
ck_a50370907e6b397c,0.10659206197363748
ck_937402a60df0821c,0.00066833630429918411
ck_8ce9c5807acbef48,0.0050133005916063334
ck_acf7d65eaaa4c31c,0.008641702112744374
ck_ec3eb6dd0967cac5,0.042991162933658157
ck_fc832b0c90c9bdb9,0.98753806755827012
ck_8129e81cde280131,0.0092280427205359249
ck_52c0ef68aa2fb8cf,0.015407077947498869
ck_06f042e9b1b662fd,0.094941445373590672
ck_0bf35dcf7b38f650,0.0010148562757357222
ck_615763afc2e17a7f,0.0006639701073744231
ck_e72db9d4b2fc9997,0.99579597834672384
ck_13757bf0eeb353e2,0.0063003120689202868
ck_abaf371ec8249c4a,0.16566222979517078
ck_9b7167da0920c37b,0.16721284682930543
ck_2e824b0b27494a17,0.10061445374900274
ck_9a0b605e9c3220c4,0.016095335421346883
ck_a5276af466b681de,0.0014394371123831857
ck_9e0383e1fb6e214d,0.10280628379901863
ck_6a27c44b691dbfac,0.020886293089818129
ck_af39767cf583905b,0.015800500803971551
ck_243b1b9fdd3f9a74,0.00052101779358628309
ck_c0422e638a9c6046,0.047464115472104398
ck_e0f3ea3373dfc4aa,0.041798201544307509
ck_d56ee1654378ffc7,0.025985392591213088
ck_20cd2f5666719baa,0.0016327292081520976
ck_4dfa1c1e9b69fcc8,0.015310915900925672
ck_5d22e9ca1d15180b,0.85723940438105528
ck_f4a7ac178fd55f0e,0.014782126519707107
ck_fd5609bd23a1eaf8,0.0058057497094679365
ck_49c3bf13dc9471ce,0.071906723469095823
ck_724085c3452d4693,0.7099995508452891
ck_e5d1462846154a75,0.093700522349040971
ck_c69ef0f3e7d6acf9,0.062763836113697888
ck_a2d0417791d4132d,0.016055792924462225
ck_00a07fc2a9183c3a,0.00043922791147020437
ck_781b8288e54ba8f8,0.46724149414797456
ck_d74a62ab3804a81b,0.0038132317156936921
ck_abcbde211b6267f8,0.054511152065944375
ck_16dbafc035574654,0.006406351432962502
ck_018f780215ecaf38,0.013094257145616031
ck_0b259620eac51618,0.0060178643404717666
ck_4f875342394c110f,0.019351349143641668
ck_399e45e5fe9beaee,0.034281322360119805
ck_36224a2d394ebfe4,0.15607023981179691
ck_c189b551bd111332,0.00097431749997121302
ck_125c5a720ecb177a,0.10198670176120375
ck_76d010aa02eb477a,0.00038323369030561743
ck_1071d14c46c92379,0.76114032777062768
ck_61d244b2cde483af,0.078097906901155034
ck_2ff1860da2004c84,0.0020407075367506549
ck_c5b583490198672d,0.0039050981675035467
ck_1294f7af22fade11,0.47438952103092158
ck_e3a22799716df39d,0.026816064861632165
ck_c77e22834ef97005,0.74307195178611685
ck_73d3689728270a2b,0.0011554395954791207
ck_295565fbf77ef885,0.0053774232350427631
ck_80c0a7f54ff4895d,0.0028743331963711955
ck_f1ef5cf7f10b16c8,0.045571434907214853
ck_a958b2461ffc21a2,0.35594242093856426
ck_0e7899a57cd617d6,0.0011118862305168969
ck_9d4fed252718f58a,0.033877507931704888
ck_83c2c34add971d76,0.003928424026854763
ck_9ccc030ba2de9fb2,0.079368997111162701
ck_cd691e3466fb3742,0.019382445368652967
ck_49df70f908dfd069,0.049645917499771486
ck_362ce13eec1e33a0,0.0074152516401522813
ck_2452a30397dfc54c,0.10857643096506726
ck_a443d49c2b4863b0,0.021073636813561444
ck_c8b2e2cb349dd0ff,0.033883415822560568
ck_354909fecf5da8cf,0.0062042892255690782
ck_841f598bbd54c83f,0.040300624975724904
ck_cd6fbd4e8724f994,0.044795654612903545
ck_e0b3158111370118,0.047793546398482677
ck_4c2f2eb657c2c60e,0.015710629370953522
ck_ef346071f0b7654b,0.013894296291463829
ck_f3bc10e3decefce4,0.0016997459161920071
ck_189b6fbe9b9192e7,0.012271133347489766
ck_5245cbc5ff4d4fa6,0.013652609861660288
ck_cb42e3be6fe87f60,0.021432426926633271
ck_966d4d713cbc7792,0.0055401236536308605
ck_1c8c969667cbaab2,0.96733039127572229
ck_d35e3aa9ef5d405e,0.45940513693379204
ck_a1c39df50a5873b3,0.10976779477627022
ck_a152165caf295b51,0.022614979225455932
ck_891eaedae139828e,0.010159915846636114
ck_1a46b56f4734d52e,0.046048407292614724
ck_5e36042cfad96c99,0.31281229466113292
ck_02a8582c2603e675,0.0079621789609973202
ck_6def9d0429e4ed4b,0.093624422207915989
ck_e137400825a1e3e6,0.01298734119967178
ck_d91ab840848a54fc,0.0012056624483150126
ck_becb6e1c608e0078,0.0038490694235674859
ck_6fd8c86ac719d7eb,0.31717470891046146
ck_3ed4d13f12fd9d0e,0.16893535733332612
ck_007337aa99a4891e,0.0003190532315818775
ck_60c3d8306527a08d,0.0013981553489813554
ck_95458880a54df0b1,0.71064430376270971
ck_b48cd8593533fc1d,0.82881006877329844
ck_021c6a4a7e3f1f0e,0.0033100248247746183
ck_764d40f865e710af,0.024042697050625395
ck_4b84357ae8ec7777,0.018991416860395585
ck_3397c7856b4669a5,0.0024420225697008866
ck_920bb003b42e6310,0.0018788536566525411
ck_8f59f11b512d5b7c,0.039242343405833303
ck_a3acf4b986afa98b,0.11557576479164081
ck_e89d25ed7bdeeaea,0.01310899179509813
ck_70e6bca473bf6902,0.0023114869817175885
ck_186161ce152836f5,0.005208709992638034
ck_9191579254663f5d,0.0074595801123094356
ck_1e6628879e9d653c,0.009008949556779812
ck_b498fa91a0776ff6,0.045463703441497735
ck_cfc2384f22954830,0.065326712142581178
ck_17673a1c2867888a,0.0025834113748541337
ck_523dce06515b072d,0.008036650861546115
ck_c20638a325ead2e4,0.0092133958671594095
ck_d3877e1f907cc148,0.05357264894572724
ck_e9a2495dea8675e2,0.038050998115490439
ck_7e561caa5fa1f3f1,0.073441133292978938
ck_455672e652fe1abc,0.98178762030116307
ck_7f8f864fcc90ca82,0.033376892619916096
ck_1ad36046aaeb816c,0.0094204356421763377
ck_de056e37c82e8e00,0.040651866179915987
ck_7484c214c889fe7f,0.050166713302522772
ck_32430e678c4f9f53,0.003256320855358175
ck_6276ece8f80ea799,0.089587635225079287
ck_ae8e5dc4b725bc25,0.0093891691071260816
ck_f01be92dc78a2dc7,0.019196348745622246
ck_233397a8bd40d38d,0.0029947429544207836
ck_f8124911450fdf31,0.95870346745155222
ck_aa0a3179f1111674,0.0070287537577122788
ck_2366b29ed9887a5e,0.0029728244474726611
ck_1f22f04dfc08cf27,0.0093130510115992243
ck_b62276c3426d680c,0.029708429887336307
ck_d099fca88691f66f,0.049253326673653945
ck_166bd1dcbaf4d6fa,0.0019888765026535482
ck_7b1660e942436e12,0.071974544543833702
ck_4a9a791a1d409a3d,0.087656314311889805
ck_b003e5b54df65db4,0.049844961297828533
ck_64b4dcbf436f0b75,0.0087549510039255755
ck_26e9a7bb2061a58e,0.2095266779623291
ck_08b77ad5f8f73007,0.010664636064384924
ck_366616a725afc6bd,0.013972081716315834
ck_934fb5064b6eefe2,0.0033945421792767054
ck_c6abd5d57b1009d2,0.0022140366856212962
ck_edcfa9e1cf29d813,0.11837709064616167
ck_c30201ebd003fdc7,0.0082829289285602514
ck_c54643d94d3ce355,0.074378840238442032
ck_02adda6e91e49650,0.024200917179059908
ck_5b73d7c5255e58a3,0.29260633866187225
ck_129ffae92dc01408,0.0008436672710054829
ck_fa321945ebedb916,0.078013403129085904
ck_8da980cb2e1e2bfb,0.048240125079990495
ck_0576b00d728bdf19,0.081076574677036245
ck_c543d82e22b3c8a5,0.0040507200489542728
ck_0027ba644f9ae2cd,0.57865317384512371
ck_8dbf61df902a6bbc,0.0032445105983058319
ck_90eeca1cda79fd41,0.0038536552402180591
ck_86d7127391d4e01f,0.00099910744183700226
ck_73762038c7ff2f6f,0.0011321745488336752
ck_a1484e6215fac651,0.90617111632793934
ck_cb83b9f806e90dc6,0.7318225114726653
ck_8c6f059c95872126,0.0027693975840278823
ck_3174419a81e7caf2,0.0032638121272321645
ck_6a0f8f8fa4a3c2bc,0.051765857735577438
ck_b5777605668bfca1,0.0016471913532987441
ck_27e4de495abb4d15,0.021027048269271494
ck_7f6fa79c7a107161,0.044973075690703454
ck_c36ed9f8e6792ea4,0.0255218019412327
ck_67a1aa88d2ea554a,0.017362251190688426
ck_09748dfe4df3d540,0.0023817156570773239
ck_27fd85b1e38b675a,0.0028937659433938378
ck_2369689bd795ee10,0.0058480622940889166
ck_4eb1c12f7d092bac,0.0011441352182340442
ck_01fbafc42c8e33f5,0.012976446132937405
ck_93c4e05699b3b7d0,0.0036545796393714302
ck_afc484d1b6907983,0.0045436049287523178
ck_1b2d9cae92a1aab1,0.13287605571308106
ck_73b729cb161487f2,0.0087145076550903949
ck_fe3c1d0ac090d960,0.19148774945941172
ck_408efac1d3885ff8,0.30522128411095345
ck_ccb4dd9d0a48a76e,0.0025756531473821922
ck_2987eab34ca7805d,0.036810733467169933
ck_1dbf1f15193197db,0.13177194963481606
ck_4ed711fe4053e74d,0.35160768936348397
ck_6c54adce174f45f4,0.0063587738324365206
ck_a6c740041faf0bd5,0.0030557789044725666
ck_b05c4d33c4f43639,0.067673508518790768
ck_032880f1114dd51c,0.10507715421960176
ck_22311b037456a76e,0.0030581525622222815
ck_5866b413549765bf,0.0098270698898938712
ck_0e808afe2570ecac,0.043484430345609608
ck_634276b05f4381f8,0.0066449253903194515
ck_5d8773badd0d4740,0.015829755838881431
ck_82b5b79ce3517102,0.98540680616021681
ck_b378b8d8100ee4b1,0.043479796614565136
ck_54e581f71be5430d,0.00087920600060307119
ck_798ba4b8aa544fea,0.00256101652910823
ck_3fe86b6331ff95e3,0.44155567519797723
ck_81275d9d4c559e6f,0.0032764120035115611
ck_99a4e5ef02d89493,0.013366900901002133
ck_54e2eb018d947790,0.016067089163046215
ck_966901ea9c77cc02,0.0081625620933561786
ck_27d69ff4e0cb428c,0.3167275534463081
ck_2cee2dd7bbfc09a0,0.95710734181226309
ck_4136b00924695ab4,0.00017176019163851359
ck_59a164c40c03a45f,0.0033877703553818585
ck_3e24b026bc66789b,0.00048447260353187428
ck_8105bcf69a75ee47,0.011209691110139669
ck_7a1782cefe26a456,0.31641828235240566
ck_970c7dc195161272,0.0032428428750698171
ck_a48ec0c00ae20e82,0.077563307399467527
ck_54b374ade34e1dc1,0.0076346158180326702
ck_74e5dec189761d14,0.0062741315169164598
ck_4717f24f2c6f40e1,0.055887756205817249
ck_fc8cd8a8209e802d,0.041910533367886783
ck_71db4131d7efe218,0.0033724743904565424
ck_45424ea6f0bc4650,0.76878373183804172
ck_3716c6181a5035bc,0.019718609498052507
ck_26de14b96bdad4f6,0.040340747576255949
ck_99c0a41ac9c73857,0.011512513027458952
ck_645f15bbbcff3b4f,0.99488275929014724
ck_b7e25ddd41514d4c,0.0011759799047474325
ck_d5c14e877ca7b755,0.011398135260165573
ck_05ea4440dac6cfad,0.064562543469638745
ck_c58bafff7b1955cc,0.031357377506424429
ck_f0cf85b67a9b840f,0.045763263490633588
ck_ce1500a7f0d03fba,0.0033262141039989662
ck_d4972a775aadbbc8,0.011584226028842747
ck_3eb6146c262e0fc3,0.00090199995779669038
ck_afb23858a4ef42ed,0.99626334525260807
ck_2c1def5c91c52a5b,0.53494730087533937
ck_72e550559487b919,0.0076970850388458417
ck_0284dc2b4f856b3a,0.4944277470980995
ck_03be334935e999a2,0.020176036246033487
ck_e35a4b4a3cb4cedf,0.021874622654547836
ck_5abe57dfff4b735c,0.010091359216122872
ck_f5f87f772388efa0,0.034466130921600696
ck_5a22cb36d612236e,0.0020158610314917592
ck_8ff1e6028e764472,0.9632895009203426
ck_2ab28149b0986642,0.057319076816702078
ck_c88fc1bac79fa6d3,0.19066667315035243
ck_5b137d74bba6b1b4,0.0005545459999862386
ck_11f362dca2dfaf5a,0.051273179593924773
ck_7f960541e5174565,0.013024972647261313
ck_d5458ba39ae94498,0.075649479676661607
ck_0a921a73a90c2e39,0.040442461297664135
ck_6ad56ef40086dbe4,0.0034078202034415767
ck_b68199ecccf2350c,0.00026489503798779067
ck_6dac66c8198c07d8,0.0065559492335042404
ck_9b9ce7bebc235fe8,0.0050964314253391313
ck_6b817117d87063a8,0.022307951182431562
ck_900d62b3184378c7,0.0039373267694840083
ck_eafe9b89857149b5,0.0037187453637558422
ck_e74716a525ee5b24,0.0036849253950300498
ck_4e9a6f06ab134102,0.017084126579861917
ck_b0d33b5a3716661d,0.0018872883512225554
ck_8703543bf3134306,0.02774583806146861
ck_923d6a0f83accef1,0.0095214839903076404
ck_52e37e2170532e2a,0.6750122970815231
ck_c1c5ea839c58958a,0.040976190344187251
ck_660f0006780e87e7,0.0069635032436397119
ck_830b2c5d1818ac07,0.03195505923706124
ck_b080ff636932d1f1,0.001283476610632013
ck_38730aace405f2ae,0.99904474332633597
ck_9790138467a06223,0.00055799907482654697
ck_10de0b0d86b17839,0.0021344856027788704
ck_c3e37a4d3382c32e,0.00078240560598469571
ck_dd8edfefa1eba531,0.00041904654428044841
ck_8153cdadd300d234,0.00076935265707290287
ck_74d0e7c2c6b63d36,0.96131622024440155
ck_c478aae3031bb328,0.0092017126194078661
ck_cf301f2194975866,0.013439502560192152
ck_f4de03f44e3a5bd5,0.014934144422152192
ck_b06ce826e593b210,0.13188070303512825
ck_2fc70b6baf6a0e26,0.0077285372245685432
ck_d208494cf5c90047,0.1375668082437681
ck_086d29ccae565e5d,0.0047879114297142318
ck_d5ef6dc116dee408,0.032267089072666608
ck_fdf0c5b722d83464,0.015961759952155652
ck_de8494b13adeffb5,0.0030750449371887878
ck_556786868599143b,0.011111280758602028
ck_4940e78cbdcfecf3,0.017269594372521384
ck_d32fbbfe32c00416,0.035729565625531291
ck_bc7710f7e9fae649,0.0042005002282063404
ck_416f7ac57da081a3,0.0084156014719386114
ck_6fb39b60c67d5475,0.001871463790780207
ck_e40a156511345d6a,0.0023299658661019547
ck_49ab879b5aa7fccd,0.3145596309268871
ck_bb643194d1cbc47c,0.99802647455415383
ck_b3ce8f1bcedfa043,0.011180559332400239
ck_558ebde8c29132a4,0.037200148655753246
ck_e6222925762273b8,0.26297223978924167
ck_bd80546b4807dd59,0.052749502861032777
ck_bd21164bd2bbb635,0.075162147599171225
ck_ea835557d7043667,0.0073729578063097736
ck_1411a80a157ff39c,0.02956357587313415
ck_ab973888c20c9120,0.24947938666732095
ck_95b48972061abe82,0.0014191781325937657
ck_fc4a43f8876bf10f,0.14420324355521599
ck_f34fb7ccf82f41e5,0.019220146849934172
ck_5af9934a56801ac0,0.010226919140254646
ck_fc7445ec76389a58,0.81647440875869182
ck_1eeacc26f02fbba4,0.10147621138740526
ck_4f325dd15c9bd45c,0.095901268990035843
ck_5009a6c8bbaf15ba,0.092555171679749859
ck_0f3de7f074bb33af,0.0117859329964622
ck_2cbc2f93a32eede8,0.13661683366721655
ck_4bb90a61c21a303b,0.0071772202018703518
ck_3ade9eac7d7b0dbf,0.41049178153879851
ck_4859a58629622915,0.051621027243224323
ck_5fed957287ebca03,0.0011918152493311618
ck_ec01ae5351500355,0.0041059333337275976
ck_703b41624ae6a5b6,0.0045427985158245834
ck_97c38e7f61c27e47,0.034565589672581366
ck_db2c0908150cb2cc,0.083625094382690529
ck_64ac5e6fed86ab60,0.98768015881221372
ck_da1c853b0a061e83,0.043853686792617939
ck_9a36916b60178ded,0.94653802965160549
ck_3715bfa7fed2c675,0.017184924018592812
ck_dd3feb77d7d4f6d3,0.016145872394240077
ck_982ebb24174a4ade,0.0048125222067003292
ck_f6b7a10d47dd9a1f,0.021403656115076473
ck_1f56fe99f250cdf4,0.062843760352905537
ck_deb3ac0606d6f6db,0.017267654178104719
ck_e666629e5a41b39b,0.01097260936329052
ck_756d2c13d02b3e09,0.051963000801104373
ck_7bc752ae7cf5d55f,0.011569270077890133
ck_fc0cc4b25e6a8194,0.0050191871063068536
ck_9b2b0e286de78a1b,0.043900577069626502
ck_24b0803447211bf3,0.010778654751265741
ck_82eed68d05a42128,0.079423021879463512
ck_c8a03c516ed5b05c,0.12350242819536733
ck_e914974cee1bccb1,0.024653534563388625
ck_0c533ff2d0f9962a,0.033149366585116254
ck_c12805fa5d970a83,0.23402630516822026
ck_fc2cb29918631f10,0.26732267559791334
ck_c20e89afe575549b,0.0056173362715214959
ck_e1ff9e31becc27ae,0.05563381439128956
ck_18116d0ac08f1996,0.99449359443830398
ck_885a83975cea5e64,0.0038956132225403178
ck_a0c3059a959ba5d1,0.13727051297144885
ck_75257ca7d7da2861,0.041011329110188559
ck_2210f7a0d13bdbef,0.078197655490714155
ck_9cbd9ecf8374f65f,0.018370943227037188
ck_18f67c00ba21fbde,0.0033275167870400737
ck_2d28f14d3973d8fb,0.00062868005238924806
ck_8b3401b44aaae728,0.023273709282417929
ck_9d8e9ef37797d3af,0.87458594119652489
ck_9f50920c894f64e1,0.02008977121229736
ck_4737e0d56c6fa0a1,0.045222399701114184
ck_52c311f29ca3aca9,0.00036000740179640108
ck_6a4981bc721df37a,0.055195414069331324
ck_823539d936c55fc6,0.0040467953857581708
ck_df5aedb4118020bf,0.98015529113975641
ck_a911a066ff0f7b56,0.16501054340095975
ck_684609767df4a14b,0.15523278983350056
ck_f2350bf355dc919e,0.057441195086132477
ck_8452b6cf97c65a5e,0.014839096261509678
ck_084cd84501012218,0.97778569991754849
ck_ace6b72e5bf3e93b,0.42722547562052293
ck_2afdd69094c955c5,0.028784245778083868
ck_fa7d5be26bf7b31c,0.31841047903307274
ck_4b041217690fca2f,0.10431943443308118
ck_9fb8e3d38cdf276d,0.98765315141809529
ck_c1ee56d65a42f59f,0.083480034087881391
ck_fdeaa1cd085691f0,0.10450514853465115
ck_5de33a7a87e9aa62,0.05074757181681093
ck_7476e7fe1ff45545,0.026190027081437802
ck_b0a947b498e47018,0.023523172554675925
ck_e3894ed88a7977e4,0.0026723675571585065
ck_c7e07ebfb0bc15f6,0.15023471456273907
ck_3a3daa8b376f2a18,0.0012685064277578916
ck_87809324c2675b0a,0.039295690208204677
ck_7eb4f33260f1dcd4,0.013128349755161738
ck_ab9f0e08af030060,0.020443042898256276
ck_5b8fc4a76f340797,0.074898395985652177
ck_0e7bf10ef49aa818,0.18087095170678591
ck_a44462a3853ac67e,0.99827291550469743
ck_2d14bcd2e0fc043d,0.0010523243454014194
ck_df1f2dba802296be,0.97453153173709395
ck_466a7316eaf149b1,0.13327246610445398
ck_50df50af592b0c06,0.0039430374553884673
ck_5f9e34c849704b95,0.0051088254271234156
ck_7836bf6def26aa87,0.20678858841776382
ck_ba175b1bd8efaabf,0.0030882757731038732
ck_1a0aac7f7b94b1be,0.39620032170334019
ck_6768c4b2aa8ce586,0.035368107623062209
ck_eefcf0ed15897898,0.01406407463911731
ck_7a6cb27e390b6ceb,0.050267220181371496
ck_5275be4e1577c1c7,0.0022676542225960662
ck_6bc0e5b8c0b7d2bd,0.084975202507394959
ck_4874bdec79f9106c,0.10915669840094028
ck_a678731156ad7bd2,0.31174676720781797
ck_db906debc36a5d1e,0.095212523809673932
ck_e87897767c612942,0.037622445963759903
ck_45ed5ee496ef8a67,0.01690016572125419
ck_ae20e28f9854f3ee,0.039440297798096241
ck_9ee044b73943a90b,0.023802918160674202
ck_dab34cf6f0626c9b,0.037393907031367968
ck_64a02b7b96149810,0.0016756470736877939
ck_c417d06f3e94685d,0.011766840471797071
ck_3e0149cdee4cb294,0.036388518858000464
ck_0e6046fc30f81705,0.0064389636115242998
ck_c383aeabd53e9c89,0.057530811041027988
ck_2ef76f1f36e8b869,0.20139595112183534
ck_43948784650bb9ac,0.017675876087891347
ck_bdb966f43ac350ee,0.033179979066021874
ck_5bea0e0ee0b094cd,0.01044382493350602
ck_dff090f03ca5529e,0.0039439848746486966
ck_a4691b57f837d88e,0.021160703204126087
ck_99ee90946395d74d,0.90132113492942412
ck_cc81dbc83a8879fd,0.01255644272815786
ck_f3dc0725621b3a35,0.0049698295322966055
ck_1bb212d1288b9689,0.1428035884025699
ck_9e7278fc7679f002,0.13566942479898503
ck_3ded7a8720d7e311,0.0078612299931344713
ck_798157bcdb9453e1,0.0054695077175571901
ck_9fba80f56f357fe1,0.0071261854045021802
ck_f1e1c8491f16f912,0.0083881016722003494
ck_7b1319a5ca2f63c6,0.99694038594596734
ck_124432fd5c92af7e,0.93100879180620999
ck_148cb0c723284dc0,0.01543462841332385
ck_b56c62c950eda009,0.0024366685972411124
ck_a0498755cd8d7188,0.00042454792015125451
ck_5379452a9d74efae,0.0047617172026403962
ck_6c2453229d608183,0.013056233956759068
ck_f9d8b4813a88c1e6,0.0080673862370415524
ck_c2c7d1e45a521857,0.095605220526708265
ck_4364a83a11743888,0.011584116473256537
ck_2cdf5fd97ba75e06,0.22480532745076687
ck_71bc01291e0533a0,0.025745069501332259
ck_a725d7aed2a0bdc2,0.00062966316266221478
ck_a9b0c4dbd7db6a91,0.014372304256107044
ck_a4258806a533efa9,0.052216297271951144
ck_905e460591d9a278,0.12497862942154508
ck_20de8abfd8960ee3,0.064951116992726141
ck_252b0a0f1119b220,0.00042912545022895615
ck_95e4bef65c36af1a,0.0011329367567402572
ck_5ab68b434ad53fea,0.0033774419098133949
ck_13677a1957078827,0.00379325909223612
ck_d251e9fa09e542dd,0.99932208602305039
ck_700cb620f300dd47,0.0073864636572962983
ck_39a68c55a1bd3ace,0.5302239541744288
ck_61a59a7944d6c53e,0.58415190439157472
ck_db6d1c6d31da967a,0.015659384492490207
ck_650020c500b1b50d,0.020467443991589167
ck_d812eb6930192793,0.0011582107537464613
ck_92f6ebc11ebca89b,0.080467555944822508
ck_d87e26eb5bc84b01,0.0020317934770227486
ck_66439e697695224c,0.0020912462321551954
ck_f21efd504faa654c,0.0070709999756110482
ck_15eed0f5652f0352,0.015071622488025595
ck_bcdbf57d98dc0d27,0.24099251930212401
ck_873ceb8004d3a9f7,0.065670822312413585
ck_70bef9ddd4bab005,0.0075093263594468501
ck_7560f1891d66f294,0.0013960862707943047
ck_f439f16f8693883f,0.048335120066017603
ck_14f9535e53f9c7a6,0.033360757009992227
ck_5984be472d2bc267,0.51402142248890426
ck_ed01be7504dc4187,0.040822854673956521
ck_dc3d8b5c17b67ae9,0.0012896053274249577
ck_9dc23031b6b494af,0.087858346577185942
ck_fbdac0221bc03f66,0.025307137481172158
ck_863708a99b92ef0d,0.035270259870662471
ck_22b52654776a1ea8,0.91619533490798655
ck_a0714f98001efa0c,0.014809575074306882
ck_9c56114f84e9a541,0.020642173395106364
ck_e155cf506b2fb699,0.0067374730063462455
ck_65ed7e72f24731e7,0.010830167427542248
ck_822d6e8e43befc72,0.85986982792883482
ck_b1182471d9ac6b26,0.0012135090421546771
ck_821446adc95e6da5,0.019746600238098065
ck_ff182f033134dbb8,0.08749224023889618
ck_9c5feef7647b0588,0.0011013440079238475
ck_df935d8bdd44883e,0.017379083625309634
ck_01eb24c18ad11fca,0.058791566489970998
ck_00d6730134a1eb51,0.030092277487876427
ck_79ba8e85678d0224,0.0069148377095874817
ck_97e3b04a1350f6e4,0.046880252393139366
ck_74e9747954a46eaa,0.040710451446709331
ck_397d5fcc9972f909,0.11735282090887814
ck_9ede89e8a43c3f53,0.34399401310127886
ck_303b33910d67f306,0.0029720994040764374
ck_3c17841636f6f7dc,0.0065248439116548764
ck_78730527f8ba1438,0.40199668058171484
ck_5ee32bc6bb5d1d4c,0.19993675268706956
ck_a13fee8cd925d0dc,0.027806369894413284
ck_6f847263379f2e43,0.044431535481766558
ck_9b9d9e579e7b55b2,0.24512218860274626
ck_87c1d0a79e79c84b,0.019796354208283181
ck_bfc453eabb472f91,0.0069900788241281202
ck_978c21bb5fe3171e,0.073827995354431256
ck_dd882323474431d4,0.051122011146681183
ck_533c4f7400d5ab22,0.52007870205211559
ck_5f217bfe28954e75,0.99676132197406719
ck_ae96d35465b3b4bd,0.011112695581890694
ck_512ebe97c0af94dd,0.43419724570602941
ck_f558fe02bb0219b8,0.037245133108202433
ck_84092e23d5ef4d51,0.14580799163714403
ck_17d3022ca12eacd7,0.0055370843551094066
ck_8a8f81bf3558fd9c,0.015005136836955289
ck_0ada6fed1864e7c4,0.052004428017964566
ck_21fe7bc59dcd78fb,0.0052277374017197717
ck_e136e20c1c74fe38,0.0066368806987792336
ck_e7a530e09d113dd7,0.39095376440190643
ck_7cb0c9ded4d63027,0.049151605056231049
ck_102db9615e722c9e,0.056897357403036329
ck_129e39ddfde92eeb,0.0019201073653298572
ck_d730ff21bfd7769d,0.042148341703721573
ck_54459b45d2be8459,0.0017755267360748768
ck_7f1c20319eb60aa6,0.99938460382190342
ck_939fede90473e412,0.0023573875150570043
ck_e0f9506a6d5f4a1a,0.0074589012905010091
ck_9a4967cdf49265cd,0.29994330861038621
ck_b9eaf03453ac7d5f,0.0040878160290928819
ck_522477be6376b450,0.016347606216154525
ck_9b6282e3bad50710,0.023767898683177798
ck_a0e3a2facd508e49,0.17903665418318843
ck_97ffae702f7c3d08,0.00089408158471805579
ck_344a95cb7115ec67,0.0090639425402831483
ck_1f2760764afa45e8,0.0033281280006658065
ck_720cd658d11ea428,0.092649319048917919
ck_04e32ee9834c088d,0.94891897007652037
ck_2bb1389e5e72c8f4,0.03441100098789894
ck_961e7dbc217cfbbc,0.0014969051751285841
ck_f3bce4eccfa6d6bb,0.0017948980120456889
ck_e0ccfa0d689339be,0.0076998399805853993
ck_98217aeafa0bfefd,0.066429380555909856
ck_a02aeec1914c158a,0.050455419708096354
ck_20a17e8f206a14c8,0.044864440946950246
ck_114c32aad4b6183f,0.068767813138117292
ck_79f5198f0decef20,0.0058607670348125264
ck_2209de229b4c71c5,0.017295232706052203
ck_6ee939b7f396975f,0.0073825870377016217
ck_202f0c14b07ace01,0.12870091119255253
ck_fa24db9d416ab904,0.0092079327814741201
ck_cf6aa24b92c4d33c,0.90247060660077416
ck_45f57fb8194cefc8,0.019299397124467418
ck_d5eb179dc45394c6,0.033296801356930188
ck_efb24be983342f75,0.012877506274720084
ck_245f5d62ead5ef28,0.022975112946326523
ck_15fe2a47fa7e92ea,0.003578643652507707
ck_b6527a85fd682554,0.040121633331196699
ck_11f9390a11ce9ff5,0.054842025261976887
ck_ffb4d892c5158201,0.00067742156203416215
ck_d4c1da5a1427fd6a,0.058534908463154123
ck_2c041b1efb1c5063,0.0081959697010841881
ck_ecc18f40b33be769,0.1929441355573685
ck_0525349f3945375b,0.10861350748064919
ck_0bfe62e0c7eab9c9,0.013080681876667551
ck_b7c37d410b1646c2,0.026999328616162575
ck_4b15b0746318cf42,0.26478093546668147
ck_e5ee006ecd8ff661,0.15335731990343876
ck_ccc83cf66365357b,0.10604915870372852
ck_34a33ffe8339f66d,0.98293232514649898
ck_4e39e3b165edab58,0.98127883047602205
ck_1a71f8081ae00190,0.99252601862452883
ck_ed8f1200fc049c40,0.99159976087463142
ck_8a5a57858e8c77f3,0.04974834836388678
ck_fff9fdc2adf5100b,0.96876600611969921
ck_c76f1bf40f3b787b,0.00028612107116656929
ck_1a6ddfeef82b1b1a,0.0033087292203626806
ck_478d2667aa9896d9,0.016772637414945155
ck_641c8e7694b21f3b,0.076692643740744637
ck_293581d879f6663b,0.93902435995036315
ck_1bfa8abdb22be8f0,0.15195511180265747
ck_05ab5b03d0bf9ce4,0.69494712062004238
ck_35694db37f0cde7a,0.00066837467551097594
ck_fe33eb743d714c03,0.023869549450539602
ck_abd10fbcbaf2b038,0.010137148926048093
ck_46d51648c1bf80e5,0.64188691462953518
ck_5c8390017fabfaef,0.076021246178919477
ck_87d55ca333f22072,0.00066607636466206144
ck_c39c6a1453e2b92c,0.0019822019799345101
ck_69ff1b0aa143a168,0.00040560513706499116
ck_e57c79eaab35ded7,0.0083751025976480861
ck_463ae759e2b6ad1d,0.029236117471069772
ck_0dae4a7eb587f3ba,0.013966414662421881
ck_9b12fb56529ebc4e,0.067883950349906713
ck_1af547077ba2dd03,0.70994429125404024
ck_de13de941bebc7cf,0.00081470368932805965
ck_83dde7da2bf647ac,0.0008271559336043453
ck_c80a94d4660041fe,0.13514461573463868
ck_f39cfeb277ef6528,0.0004381698740209914
ck_1cec1ed1512a2d3d,0.0027684901658998756
ck_7955a359b6448799,0.0012985724422169005
ck_8c0955dad13c3ca1,0.0042568933212236097
ck_6d4cd2de601a2308,0.03222344274771477
ck_f4536ba8dd2d551d,0.027674359226719111
ck_b379c198d6db2d62,0.019888256375671983
ck_76ea90ebc74bcdc7,0.095142911945562791
ck_734f06bd4aa92781,0.023097122559553835
ck_677e1d0c14cbf569,0.0099306922397622791
ck_259271c70f3fbcbe,0.1285918902128996
ck_c0b744eb9e7d4eb7,0.029438261378561634
ck_3d41faeb96802f68,0.0014872688674668626
ck_8f604fa70fc3c8e3,0.016535751406060045
ck_0b3c3bea0e0ed339,0.021484360016060931
ck_be5df076b8a86409,0.0027955397723783918
ck_6a475fe324d7d790,0.017581576623507504
ck_3ba3fa5387bacee8,0.00017071814201219783
ck_324b9939d9c1c31e,0.0058738549609386711
ck_a7fcf7b592f68ca1,0.043184029715633863
ck_5b2728f7cca414ae,0.00061423375987583928
ck_5f4a25ffd0b85a47,0.058677787238289217
ck_63d4f5076fe4406e,0.0013327964633641199
ck_af528d66c86f0cb8,0.020181309261068453
ck_ac7cdb9b8da7b5dd,0.016848013431896468
ck_3bece63711407e25,0.026958999577861305
ck_d4e0b2a12fcfc35e,0.0024704742888388589
ck_ee3e7c9d3a9c74b4,0.13183471400591268
ck_50d7c4dab837bf66,0.016710526825558958
ck_ebcb93a2990fc914,0.083141206567939135
ck_2329cc9702cdf7a0,0.091159951519846905
ck_db1fa53d588bf99e,0.010355841531068831
ck_44e57a0bad5a0745,0.056827073745545437
ck_472c81a144f4631b,0.0011165475145234862
ck_1658429acd5306ba,0.025905630570257777
ck_466103ec5bd9444b,0.026798438833507462
ck_9757163e25262b74,0.098321523980522921
ck_34ed59bc2c9b0186,0.0063304917274598169
ck_b7bd3a7f263f4f29,0.05606329665531902
ck_149662b09d632e41,0.021560747573439058
ck_a9ffd6b3957bd41e,0.010001336334552951
ck_ab80466ef615e85c,0.0012218548798903807
ck_f2c824d3473db24c,0.01013148038201341
ck_a4a01fd45936b078,0.03503169233503927
ck_8f6ce158c2902877,0.00278976031399987
ck_5189a302cfa7cefd,0.00050004270099307318
ck_430a3d03be588201,0.015006253619192127
ck_b5f9dd00914b4db4,0.021939964880386992
ck_52dec82e9cf6135a,0.0061484624981951947
ck_95e444a01e2ab4a5,0.067478781073559618
ck_e37cee7b123692af,0.023222445874966621
ck_d68d42858a55adff,0.099916618434066837
ck_3abfc010091d679d,0.044912098533037348
ck_cee4e4e1b62bf82f,0.10437741053672375
ck_9ccb17c35e636c5e,0.0094800828760986198
ck_f72a5a3b0d6c1177,0.0010971719290370485
ck_7508aa554fae6afb,0.12797389592382966
ck_003aa842b7ca1d77,0.71921331015874834
ck_83b2b192f41ee2bc,0.51677359997121519
ck_64796b6b2c3c7f06,0.033817969685430903
ck_6438ae81d43cb196,0.029227378209859968
ck_2bd73d9098504760,0.12014874482671155
ck_aa8b9b36a099e4c8,0.025606385056887015
ck_e5ece47d0dd10526,0.045566861409865031
ck_16077ac345472e6a,0.0027308885323952536
ck_a4d6e152b0076964,0.0063468774557460424
ck_d90b1d03ae151f62,0.020507203622281974
ck_18b36d342b530af4,0.0085110607158374613
ck_2a01e610348b84f8,0.036894173549673899
ck_0a93ed76bf36c8b6,0.034983291350908038
ck_3d56b477fe2370b6,0.12167099863758736
ck_17ab3068fa303682,0.0020870334797751071
ck_592a3520d841d11b,0.04451172207084983
ck_84d07028b5fca2f6,0.042080652994477677
ck_f4a2bb10afa85743,0.020628190172021069
ck_4fe4b072f03f2c1e,0.0010289326877061906
ck_9ad08fcc183ea1e7,0.0019931425267350022
ck_130d3848b9dcdb05,0.0094530337086430639
ck_bb399ed6bf28c230,0.1269484418371554
ck_a31a64a39a2c4941,0.0018112759877478317
ck_c49f25dfb39909cf,0.049209356171351221
ck_55f50a9ae2db8ff7,0.0062268381743693455
ck_09faa4e771cf876b,0.02305435251308946
ck_df520a7a6e405889,0.22713404343993174
ck_8c8c98cc694ac900,0.035093418948816089
ck_7f0c4f609673ef62,0.029163799729860468
ck_f51fe59cd445d2cb,0.013575932236639535
ck_b3fb83f0d772a831,0.021043796866402602
ck_d6e7e257751c299b,0.001348516428978547
ck_0d362ddb4a1cb6d4,0.032868956894915931
ck_a574a08edaf81781,0.0023605038364975881
ck_a823f5bcb0e4b9df,0.0011171548949614237
ck_f792586ad0381eac,0.068970835517918036
ck_54bfd70022c66983,0.0016286130712604384
ck_fe0a9372c9372de9,0.010937038164243299
ck_5691cd6fdb6d8147,0.024239176747589915
ck_a95f212a02433d23,0.034241340611299229
ck_f5adad75e1c06731,0.090476257715232267
ck_e09c97520eb0533c,0.10089969829622011
ck_a1e13c0d58560340,0.0019886978328099306
ck_cacc2ca410cbe80b,0.01590909548074659
ck_c0dde2a6ef1e08c5,0.0033301203921105682
ck_a04403073c90ce38,0.00048590004943127921
ck_03d3026107175dae,0.049207212981482368
ck_50176dae5b1b716d,0.0019402835507007583
ck_6c084bfcb38e96c3,0.052510344852323462
ck_36d2be9012f7909e,0.030741891171209658
ck_958acf84c6137a22,0.049402291684961422
ck_114722e12db90a73,0.0070059405181880511
ck_203c2a22c0c165ac,0.0069637557938022178
ck_2c44ca550e5cfa82,0.035340317500549452
ck_df0a8f20ab8f14f4,0.028831860478419246
ck_826a27ff7555192e,0.0074429540249511452
ck_09a988ebcf062297,0.12436325170300981
ck_5c82444b3b9160ae,0.016432274164023042
ck_f6a4a7ed27fe76fc,0.10424824798659157
ck_17de46314b5c6a92,0.020198286202067362
ck_335e63101b1e6c4c,0.31666988484919234
ck_c5eefc0697451de9,0.10456195578657623
ck_49a0efb5d4067b6f,0.30069363933535115
ck_c1f4509c8f5dac5c,0.020816486214393519
ck_57658eda1c59bc52,0.0028391319619115421
ck_0d5c0736ec76385a,0.00072960929140002671
ck_e0239e6ae30795a7,0.10865036359181998
ck_e4459115cd8e5e4f,0.045805358210500226
ck_bb4aec09d4968dda,0.337465654131128
ck_a1b4c96faed3e0db,0.037466105900998498
ck_8247b79ac67aae7d,0.033203776227701758
ck_fe2fc7d6e5d83f09,0.004700236744676508
ck_f6aea576cde8d592,0.00051469268146304363
ck_b7e7f7d0cd886412,0.43994691861965374
ck_ca7b993e8286af7f,0.45166762975420871
ck_47de038381a9cd65,0.035592093284642946
ck_d38f941d09eec820,0.058901616922283684
ck_d9ba2a6c0d926b4d,0.0020849084570125544
ck_cda72f597330d0f3,0.0026849440343779522
ck_16d2d27fadeeacf7,0.0021736921140337491
ck_be05447853d423a9,0.0011706370505640855
ck_cd92852d7376a4a8,0.0019252094779369929
ck_2faf7ecccc9fec58,0.00045780956553223486
ck_db8733fd92f20cd7,0.069844216823296668
ck_a9989a3a94c26634,0.049690878245926696
ck_957fb25437c75e41,0.30076665181092388
ck_e6a6caf6e7de17c2,0.0056019665554811107
ck_f7bc569b37e8bdda,0.017151522208131251
ck_703b375dd86a6124,0.022390906105202717
ck_d3cfb3603f2c6ca3,0.12383192870150089
ck_07cb2b6f2a4303e1,0.12423179858071517
ck_31631e2028d4f855,0.039799664647009889
ck_1631bab0ba1256db,0.021546865046102426
ck_5fdafeaec036f016,0.040963393711514189
ck_6eda4c36aecad602,0.012020341168055967
ck_bd1bf9e3e29de281,0.069639735159396282
ck_bf378ea558a4125f,0.87652609726301955
ck_7aa2deeda0e57412,0.99729885214771863
ck_d229cf7f5a3f38ca,0.018971257684888054
ck_9e109edd124492a5,0.0039574395818496155
ck_779491819995625d,0.96097272529037614
ck_b89c6fa2ad0a12f5,0.03375713534100705
ck_1d01b4a609918c4e,0.97334320397927399
ck_714c5d7cb17bc9f2,0.0047861621804044284
ck_269f1746f2609ed4,0.0065094007880456481
ck_4be03a2aa62b93c7,0.0010911335850157921
ck_cf920313f6dd28fa,0.012349485258974818
ck_fb00aae4e17740c5,0.0068554948004067558
ck_085d8c42739e2b10,0.99959394499093079
ck_c72a7d0d03cf3e17,0.43186698781653421
ck_8f6ca5d3b17eac6e,0.0032300988532136246
ck_d9573100bbff4014,0.47260831520232166
ck_79d6793d1d0cf43c,0.0011641972985066956
ck_91fa5032f7aff0f1,0.47369930537910976
ck_87110d84872c0fed,0.055612279696867481
ck_8220da627e9992a5,0.0021919192931980167
ck_2ae44938847f3852,0.037237936459741605
ck_b0f191e44f9b6f35,0.15455846145393853
ck_3049d744b527f4d0,0.01481421995197631
ck_47d3e8d1dd3fbcef,0.050771001352268183
ck_ddf787359d2b5deb,0.00066031953029957729
ck_b27a9e39726b26d9,0.0021185711562274629
ck_80c4e9274cf976b6,0.99470712429256403
ck_c6afa913168ce8fa,0.0069962052508972094
ck_52427b3f8478db19,0.01893667869188348
ck_3b810f15ca0eaa55,0.0046641673882239837
ck_0c9e420f97baaa06,0.98132442470529679
ck_f8540cf3a8b2f8c9,0.089906895840013878
ck_1402d24dd623df72,0.0094350294890701673
ck_eb4f4267e24d042c,0.0022145306176043597
ck_6f661b428d6fb8e4,0.061965263640950861
ck_519a26ecf3d29c90,0.0013839322339142912
ck_e886ba71d4a6fd73,0.036130016251148096
ck_437f9ecd2016a1a8,0.006688985722444897
ck_f01af1b0c977cc06,0.0049033298561797032
ck_614f777c2eb5d537,0.0032200097518846659
ck_b804e784cde9af8b,0.0047711766862472884
ck_c2dccbc1b24b137b,0.076067668384720025
ck_1df4a1781a0f6999,0.029425977276720673
ck_bd2cdd53fca26171,0.0054117458474250389
ck_424c254249a109f0,0.026370687345946699
ck_cf2ca4f286e289ba,0.14021453874754819
ck_6c33cb15b0d8af54,0.0092488838179205571
ck_311d395fa9b8550a,0.034482938739163922
ck_9f792e7e721ff7f1,0.01140604947812802
ck_4c37586080edb7fd,0.00062748141270257539
ck_7c4f42c5397113b0,0.010500706431048397
ck_fc418f53ce4aa579,0.99459348448158935
ck_1ba28fb7ef726ce2,0.010052094313381424
ck_d932f98bf6b83956,0.19269364032215699
ck_248b3659a9239240,0.019350253650392241
ck_6a92cf5f4cf5de38,0.047259500179845676
ck_65519d0fb137e0c5,0.020602566009905683
ck_ddc3fc99eaba2064,0.12018633777379034
ck_7310cda3bc65a73f,0.0081321912535512741
ck_c01c85bd631d4054,0.0014358977039894882
ck_b4954d16b9749829,0.0037313299682663532
ck_f301f6758e170d66,0.088262066543661158
ck_9bf95f8c47e7c7b4,0.0073544102842407399
ck_c91b7fccf6aeb4a5,0.17135259856702181
ck_785fa45e86bc5e95,0.026779164756305613
ck_2a65f1cc23f1180e,0.0023645141779597713
ck_a49a2c1f881a3560,0.0097384003720408178
ck_def344d68f06d749,0.030771364181808869
ck_abbd1465fc730d78,0.0057587154742825743
ck_07a5610ed28162fb,0.030139702772103955
ck_7ecdee2d7127be8b,0.036409702568637001
ck_67858bc00e81490d,0.00064484833753014788
ck_b4ad165ace910222,0.0054394453664052388
ck_30753ffe481a1b8c,0.89302756389574744
ck_c401a26725b17177,0.0018370060685949214
ck_819988d8a7f26415,0.0037624240295591922
ck_3364a1d9261b3638,0.0042050678503121209
ck_c484c5bda389bf20,0.00076337138012765938
ck_ae416325fef92c9d,0.9800907107029988
ck_5517b9a865960542,0.0014402506524250356
ck_a0e96fed380440b2,0.0024463883946495126
ck_e83409471d2b0b44,0.038771230981481539
ck_127273af97d7827d,0.0081940589188807846
ck_aaa9861c91bd14dd,0.011457028288734497
ck_a378c58294001a36,0.99174877574295539
ck_abb9d65ff1f95b64,0.11446087114136949
ck_a5ecbefa849ae569,0.014232169974694335
ck_aa9953c0ca2bed7b,0.00055031428231568471
ck_40bc6de252865f32,0.0039729829909078002
ck_9fb11688dcfe1513,0.0073074395703788446
ck_ba68841ca2ba073d,0.024030226469983498
ck_1d3e561a7d20be0a,0.99357050625113041
ck_99a92d710a29c1d0,0.0037486398000647295
ck_ede2e887697ffac0,0.0029077214328936006
ck_e6de67c0d82a7b83,0.025080863739603249
ck_6b38763bf5ddbcef,0.011090674323477299
ck_8dd44eead7d765a5,0.032390171325897776
ck_30bf5b0056eea9e9,0.60253361255464666
ck_2981d16f8a51a8ed,0.079376840096727019
ck_fc60f42c68c7024f,0.1330390526108978
ck_8e2b2251ee224aa4,0.012298114465852741
ck_1906f0dfaf6e9bad,0.8205088588320355
ck_dcbe6814fc4ca0b4,0.10078472340680629
ck_f7e958a286ae3b57,0.025048532307841188
ck_713649668a7ca824,0.021827540183894677
ck_6f73cdbf9305e2ea,0.022150044124801191
ck_dd1c490050cd9051,0.059211950351376608
ck_e30db36e376606f7,0.239219025110471
ck_740d8fe8028b5a2e,0.019916640043032941
ck_ebbc9418cd41f692,0.0013703651460452075
ck_7b3cc6cc3f250f39,0.0088141829715289097
ck_1d30eef7110809e5,0.62112027847159168
ck_77e0589ab339ca66,0.025424901964149205
ck_15ccbf8ff7d14086,0.0056390720369577964
ck_246989b0c288664f,0.044258885163261902
ck_fc2a6e27b10b10e9,0.00098729025396968929
ck_8afc1112c12f5402,0.0069467780792965058
ck_a76e8d83b9141364,0.082784544520847853
ck_51d3e8dd7465c015,0.001979992499825489
ck_e7b4016909405981,0.0023324325681824067
ck_e7a3cfb9bf908e80,0.034472062616123317
ck_2bb49dc2388cdc1e,0.00153708388155946
ck_94f4266ee7871345,0.021427697777253507
ck_b2c896beec146477,0.049806852851397743
ck_fcf5d4a4748cdd53,0.0050729112104925507
ck_fd0483639811f62e,0.32281390355000367
ck_9a21d183524734aa,0.19943027182476183
ck_1df4b46c0a4c317d,0.089308452438491018
ck_638df9e8a22dfe0b,0.0032911357731903934
ck_65acc43a6dc3e65d,0.012134956535481469
ck_7c67b73196e3d0d9,0.0056521749790611215
ck_b0ee3a98175b462d,0.0012790960629101107
ck_20fad010969f1abf,0.0011985730812682472
ck_54b087bd873af8b8,0.011901521863507144
ck_8007824431fa803b,0.0016558472650952244
ck_23aab322810b9fec,0.029803179705165328
ck_c8001bdb9aafc8a6,0.01108200707267509
ck_3a34c3ac83cf84b3,0.0079779358281003437
ck_60187ac2c473a662,0.98969603053606869
ck_6a0ccd7357979f0f,0.071710476101986761
ck_27f20337bef5ffe0,0.09713270769218027
ck_f9fc468915afe49c,0.040876998587717428
ck_1eabc15a94bd9009,0.016230956725985464
ck_26896c494b2768ef,0.011091550254342024
ck_348c874eaf0354f4,0.02850470821088039
ck_be9c46acd216b45d,0.12995479408033445
ck_a3cce46d15cc20a2,0.056638612675743674
ck_70804f60d9704128,0.19559671059830891
ck_a019151ca8e7527a,0.085918454467493202
ck_571133b2aa8ead51,0.12324346616812287
ck_0afa4449f20d5196,0.014755635779087015
ck_4d503c41cf4e5034,0.02147342206613571
ck_d6fb9cc5171e3e9b,0.82427203499437107
ck_05ed92a7c3e10e5d,0.043342562012480552
ck_bfb067986660afe3,0.087879992044413019
ck_c1a31690c8573226,0.013224322340570725
ck_cb88ef3dc1f42225,0.0028601970712489088
ck_21e3b3bd998745e5,0.18004866239657483
ck_cf52e46fa54e4540,0.00040837389219544975
ck_b72c7ac4208052ab,0.053143651592702693
ck_e6465c56b337e6c2,0.013830108823878067
ck_5f87eb05d18186c0,0.024990445568740426
ck_263f6c5ff26b5e98,0.0024399325128860267
ck_e0b7e2c0bbe228d9,0.0014710865097483127
ck_b657ae3c146cb7bd,0.0035465571449610103
ck_abac514d8167ea58,0.20295710139796774
ck_024dcab126876002,0.015700302456519093
ck_5d8481e2b38bd99d,0.048631015625080154
ck_edf229c17d25dac1,0.5882752090527088
ck_6cb7c97b72d6b5d3,0.0073968628232113105
ck_c96ae2c28086a059,0.035183986521956478
ck_2f241b97c0f8389e,0.011054668228294167
ck_9158bdbb63ee8987,0.0019461032768859747
ck_e7b40b60786c1530,0.002446441147224337
ck_66d38518f68e6194,0.00035300556502618869
ck_8c9b57ad2a991416,0.0092723041965261967
ck_cc91bd7152d3e9ba,0.064295874542944359
ck_0d846660c7957a88,0.0054742520430170246
ck_60896cdac2212bea,0.054828205669144953
ck_dc4db8b932df49de,0.30396160441267089
ck_2dc31db181150e20,0.0099724004094996124
ck_2f138fce1171e277,0.0046913678503297876
ck_68b8b859a6ef505b,0.083610604468521602
ck_c3fe0c6c5e1f40f6,0.011210838543640219
ck_15886fe84866de92,0.085936905494190891
ck_ea269b35406473e8,0.0034007304951849831
ck_3ce7cad1f69b71d6,0.019324238603165542
ck_054ed4288ee58d6e,0.15505491690421608
ck_3d4913a86f207fee,0.069096859564387936
ck_23ff85f9d2355e8d,0.017124299482580825
ck_d87ab3261322216a,0.00012144222918890609
ck_fac046ce336fe39d,0.010982078121770811
ck_beb97e498e6cf8e8,0.12500961867880564
ck_1f517e0ebf397b51,0.012048572218242489
ck_0af57ebaa45877a1,0.0012684421200812245
ck_f99bc1732ce5e999,0.092835370981057042
ck_abb056a9deab275a,0.034730017712344852
ck_0bfc394c5faa65cb,0.025255487869165351
ck_ddc865af1dd5670e,0.028360695599788356
ck_68b5542459638b56,0.093918528891354394
ck_0b1d84252c0b46c2,0.0012291572828507051
ck_520ec32c4f253604,0.090308044589819197
ck_79ffcfee599d77c7,0.01842774069687346
ck_eb224c0fd146253f,0.30729436756683692
ck_0e477084434da450,0.015383460489076479
ck_07840bba5570785b,0.098646259534308986
ck_6b67fe8e310ab865,0.011942599337285672
ck_e2a1068c2fa22525,0.016437054137029752
ck_b9c6b32f6bd92a3c,0.004733325097128799
ck_c1e7d1021ae58f00,0.00052620719619096885
ck_5d7801201749ffde,0.023162696589464449
ck_c8806749e263f70b,0.00056682693496162124
ck_c9eeab826781dc91,0.020342859345194558
ck_309a432c160a17b3,0.0057883241018079267
ck_b22e3337b8e3dbb2,0.0065707517454766965
ck_79c30169c71b8033,0.92665978554329398
ck_5a6593d954085775,0.0082006888681949476
ck_70b9b79ea1aacba8,0.037767611044237884
ck_63743141ffa11f45,0.036088631596077884
ck_dfd3dbd0d97a642b,0.0071514961150473157
ck_635646a661f05b4a,0.012398660156364436
ck_4b123d6931b6d0d7,0.17890680662292607
ck_f2b0e7a47f442557,0.98138259163809194
ck_1b1df006b81d38ba,0.012078977756774693
ck_360237c1bd30f4bd,0.0083655638979757488
ck_5e84bca0e362da20,0.039014235339196977
ck_142dba210ed2f3b5,0.056295216711299764
ck_a3564236069e3524,0.11942090513915549
ck_cf36d8b070ded782,0.016065679424319627
ck_ddd6625c5eddad70,0.0013529777173230844
ck_ad54292a0b2f44ef,0.022396815192843103
ck_45cd5ef6b359e9b4,0.0026045861894535608
ck_982c2392238b7be3,0.83012464978096623
ck_083e4ac78685c3bb,0.023112312937299151
ck_729cc0b46cc2e546,0.68955568573913495
ck_f2b8995fe5402759,0.0014516569115127285
ck_73e24f5a8da289b3,0.081775748508202628
ck_bd85f30c36f5998d,0.13470850321150535
ck_ee4ff3aeadf912c1,0.0089474477401649474
ck_63d2978706e193d2,0.058991848977514777
ck_6a0684436a1e66c3,0.70186703103180847
ck_182dc4a2f5a366da,0.0014837508677343909
ck_e6fecb82fc2a82de,0.0086637753220411944
ck_cfb06f07394dfe64,0.000573890068141769
ck_7bbe1dc8add17ef0,0.033571331117260447
ck_5cacad76e02c8e3d,0.99743164368051396
ck_ca68dec0c7df5a12,0.0084137509845072633
ck_e4c0fc52c82065d3,0.0038697851524865747
ck_f9197b070416f443,0.0054222298485157522
ck_2a07c7021b71cf65,0.076163437643397849
ck_4fa85cebf707de2c,0.0013583562193240043
ck_0063d2a9507467e5,0.0096627555664993495
ck_ec986285fff05b7d,0.0018546915617836362
ck_279d43303708109b,0.0037094277115710316
ck_a406bf11e48cf8c5,0.15232240537120248
ck_064b2aa3f0bfdb6e,0.023927494062691831
ck_95790440bc4bd2d0,0.012431735981997977
ck_70066eea13b4c34f,0.012000111999072719
ck_19468fe07e26f992,0.98907966050976004
ck_86bfe328e0a533b9,0.98128839575375149
ck_ace3b96c977a7560,0.33477531265823529
ck_642344e5c652d8df,0.039862060174848862
ck_074be35c951ae10a,0.03874584464186346
ck_f14dce41036486a3,0.99794823566741009
ck_5cf67a3a747e684d,0.27564529715703023
ck_f7285b92648c1c81,0.0017955217438046182
ck_bef3193f124fca5c,0.64013658546559438
ck_05c4dcbb45de1f8d,0.014116995936361083
ck_d7c28eaa05bb7144,0.0095898716611748959
ck_320df984791a1b99,0.0040903298085663235
ck_f45bad1606fa00a7,0.017523512955797946
ck_6f81c199e986d9fc,0.0057363920813182185
ck_d0c9633fed57c344,0.041333583288664461
ck_a3c25d6cc7478068,0.0056651599000077952
ck_4185506d12cf9fa0,0.00042240286227974251
ck_7a02ee1bfba7353b,0.03493736264986802
ck_1b52590757c0fbeb,0.047294904776699911
ck_a0e5656e1cf9cbf5,0.0011802333292785083
ck_ace21f6daef94f6e,0.013574595635644735
ck_646d8d0834782d6a,0.36193530602999729
ck_1f136a4476b5e775,0.0079305442078933756
ck_325c7643cce02da3,0.16261516642125923
ck_9b5e7fe28208f5d1,0.0065861683989365434
ck_05d81b1a150f31c5,0.0035425240578405384
ck_0e9ec486bff403c5,0.01660766473972991
ck_ee13c091bc379188,0.039953028728466358
ck_f7a7f8f5903617c5,0.012683030235590254
ck_96c3a3517153390e,0.016735638244154236
ck_538dad7f096458ad,0.006299266207456182
ck_8758fc6622bbb7df,0.031740680751611398
ck_f7e53af3c91fec64,0.010249177736127704
ck_80b50fad7f255e1d,0.0091405768631737296
ck_9645e7adc08631b5,0.085507596798882132
ck_e007aedbf37d6ec7,0.0024545479233083825
ck_2951d76c41de2569,0.10717576752971333
ck_9439bff87e616d4a,0.038108663565836705
ck_a73045e96af0e4fe,0.024393158464879702
ck_7b382e533e2e925a,0.041817868518397902
ck_730226c2d216cacc,0.027087463603827577
ck_bdf837d761a7cec2,0.55115032464693581
ck_0b34197335ba3341,0.075502859645047868
ck_49170c4b31a20f5c,0.0024489515771147947
ck_cd553ba6589d8bfd,0.019904225460739455
ck_56b992c6f136fa5e,0.032974349773047334
ck_8beae3d7328fa41a,0.14394645781867857
ck_1a065ea906ae3d6a,0.0055311815293397175
ck_e9e3381d5e0e5051,0.002762682752195174
ck_a6d4f998dadc90c2,0.98648269205087313
ck_d36733da917115a6,0.15883532173203804
ck_e738e920bbd74a7d,0.020881181807416421
ck_af65eb885a51048d,0.00054957088074346176
ck_73f4eb09af29b1c0,0.11667364587032988
ck_8fc641b1750a2542,0.23901654734035782
ck_41b954c7a948c060,0.0098534834393418265
ck_25fc3010e8a0f6d7,0.011423367404007083
ck_a2624e0387974e0e,0.055367109629996074
ck_5cb9d7b2329d5ab6,0.027459467731943736
ck_6c83aa1d100a7cd8,0.17543399589452879
ck_67025c64588abd1e,0.0059016230013061556
ck_f5dde68f6f0468e1,0.0066321893000259435
ck_46bfb2cfc29a6d2e,0.020082931034699006
ck_49dddb894d33f6db,0.11884710605897855
ck_f738b633b8862d18,0.00052684139919124441
ck_3d6c3c00d854f5a4,0.18799416483327311
ck_cdb8061d8d1a6c5f,0.0078987992791283365
ck_5e1b81848718bdc3,0.046557649341599734
ck_8def763034187436,0.047730380982947268
ck_8f8e4fb9c6190272,0.018728873041617296
ck_368b968b5f33431e,0.0021724439923062385
ck_ba7e347251ea399b,0.042469627043133763
ck_9075432001a64e75,0.021257571061827307
ck_73c5371635aca173,0.98465060307725816
ck_81793387b38047cc,0.0071284137571842321
ck_0cf220816e320ac5,0.0035303344534126629
ck_820219bb9c761b52,0.14107975942538345
ck_70a932ab39d86a24,0.0003233339689337983
ck_2c4be237a7ed79c7,0.0069542300191750353
ck_acc764b49ef02826,0.82504301489335274
ck_74c3c3452e4e7cce,0.0045069798241454614
ck_34dfb57e5bf31d2f,0.084990844791561201
ck_6ec39903f765956d,0.050359395984504028
ck_5986119e7d81e831,0.045031482929875979
ck_2ddfc948b8eac752,0.79822216990699479
ck_921ff5ceaf40a968,0.067278888747336341
ck_fb3b68b4424b5f92,0.17531062459147778
ck_c3db1b3ad4f16679,0.010725663896181148
ck_124a197be41687f5,0.02739934057543205
ck_c58d9151834f5bad,0.038654004624532147
ck_389607982eb6b701,0.83224024012699849
ck_fb0c138c003e933a,0.00067477154111624275
ck_50d0bb7edd8c69c0,0.1140552512300157
ck_c6cb651149dc9a8a,0.0015434795474221182
ck_81e21354e477eceb,0.055072381444818949
ck_7696e38b3e4197b0,0.002167927346411005
ck_586001d3ed9e7fbc,0.0017973352691675816
ck_bba413492dc46f2a,0.040536660548749638
ck_95b894380ad2702a,0.15185504419894838
ck_277621473369614f,0.99933268298589595
ck_a50621b5eeca84b4,0.0008769975080509891
ck_bfa7ba218b988cde,0.081592261552313361
ck_5ea89567dfe78e4b,0.11442204706022105
ck_6c679602a6476ab2,0.013817677432285505
ck_d3885e286b3b11d2,0.10162638382911066
ck_cdcf6671b37c9c92,0.030991814437193843
ck_b5c93e6d34f8d366,0.013682612763750931
ck_c24f61925dc158d5,0.32333510158508794
ck_cd09375e6c81d2c4,0.017997313381138844
ck_a95afc7a00303a26,0.10997163049476073
ck_8e89ca8b39f3f8ad,0.011430843905915823
ck_9a84b396aada3fa8,0.12721814941514523
ck_5124a2e415384945,0.10280608010612449
ck_d66bb1f063357f99,0.025147603728113803
ck_0fd9312411b0ac55,0.089505824383100063
ck_ad8cbe6e27e47ede,0.037815673388267745
ck_8398adeaf41f9cae,0.025917708662711821
ck_dcf851e7bb5855d0,0.00092752563571174649
ck_9affb0f26776b642,0.0058216868488522268
ck_f0424b3b36bdbef0,0.23117954397140211
ck_66746d1090d6d9e9,0.0031901046502460376
ck_e5f8c8a5824db594,0.049747281410205443
ck_3e91dcc209431984,0.033371385386053158
ck_126a82e8d42e5ce6,0.002043290489594239
ck_38e4a74ab256e2eb,0.019774678466790676
ck_1225a97fc413a419,0.18936021360668209
ck_9b5ec0f78e160e65,0.007416111737790488
ck_7c5529bcc079600b,0.015122979491462516
ck_29640fc2fe81c251,0.5195694074472994
ck_160e9ba0a3f7c1fd,0.0052719704678109826
ck_bff090cb4ab76b9f,0.03853093305797714
ck_aa06ed358e43db69,0.23759273746586843
ck_7264486eb512d84a,0.0074952832316822569
ck_f5a32e6160b28379,0.015867469180996161
ck_4ba8bec14c2217e1,0.0045867579853278873
ck_610815786d729d2f,0.027219928694370638
ck_e267999226b6321b,0.00065762650376441139
ck_f3996a3c8eea1ea0,0.013671511415559832
ck_e9b75ed7567a3f23,0.022038010052954745
ck_d21612d48bb4f7b8,0.010872887404349968
ck_1f871df76c6a995b,0.19530339988139253
ck_953bd5de48ccd70f,0.87946241775429335
ck_02a9104419a6dbaf,0.030368670442226409
ck_1eeeee651e05d535,0.081092170498070076
ck_e2ab04136a442a98,0.0067458863043853125
ck_f0d806624ef3d359,0.005628481047948105
ck_4b68b38c1b3326a3,0.0051946560809225713
ck_74e60495f8861156,0.02268628898563288
ck_398f3f4cf05c721b,0.0036778357097904542
ck_f761b7650a0c1a85,0.028323219455400547
ck_7dadef33f5e2d94f,0.99762339331020256
ck_6ff6883633b8c7ba,0.0010353025195645109
ck_4d2159603045109e,0.0076129562643776905
ck_a38bd07a5fac5c9a,0.0036435190280678063
ck_f517f06551e69507,0.007083791623707307
ck_a7ea00a1760ad561,0.99598008460853071
ck_31fc51d5a3dfe16a,0.017275964282846147
ck_bac5233623b25ca4,0.0091382019516233672
ck_385188ab27784fe3,0.072577877742516159
ck_9947a323bab5cacd,0.35056492624911301
ck_7973edc9f22ee7b6,0.030124307655756341
ck_f97c477986043755,0.0011325366226928907
ck_1a3fd2cc4b4de196,0.014340891010999043
ck_e18ac29ea62cb435,0.10184616367587493
ck_9720a472a3e0140c,0.0046299022031458378
ck_668c7fc7d7e47c0e,0.18923731844269762
ck_214af0806470ef48,0.0041868333241381443
ck_a46c1773f01f0be7,0.20460097358954596
ck_f2bdcfb4203ffdee,0.054262504196747025
ck_40e84e6ffe788a4c,0.054808934321522604
ck_dfc6f5712d8d6678,0.20996673253461062
ck_01ef1036b2e66a4b,0.013216762292333211
ck_3acfec10eec32f9c,0.01460912141870413
ck_084a85145c15ed77,0.030606733288755333
ck_fcdb4fe2f095fba1,0.52631747906926574
ck_023908db0a193076,0.27974295920335951
ck_fec0ff92fd622253,0.017176778447696352
ck_c009c97d5fafbced,0.6386605137787883
ck_eb9f0c06ee017ee5,0.028912411564641968
ck_d7792b429620fc24,0.012940915984472556
ck_5e9e149a3b69c726,0.044635045257777471
ck_ce927322ef8f651c,0.026087356028818603
ck_b8fd61a8e82bce32,0.996438368670298
ck_9aafc33fba1474cb,0.0079409192607676291
ck_ce81ff9b8b35562f,0.042886217409161292
ck_25bfca1d8eaa152d,0.003396945043452046
ck_170c65860e2a7e23,0.012537331053994773
ck_952da7ca9f33decb,0.0093222551120895579
ck_1ebd574406235957,0.010880741893608551
ck_589109a188adc2c1,0.0075072430972776879
ck_f0cbd5383bb07778,0.093602978016854882
ck_242521e261148fba,0.0039732852636810137
ck_509cece86a558de4,0.020880746775847617
ck_0dd7c5925d28755c,0.0071720473506854173
ck_a7e669cf1c3985aa,0.056131512218564376
ck_acb84dc2351eeb76,0.0037098778465951155
ck_b837c7dac2a9b931,0.06242632925558142
ck_18eb1f9181f95df4,0.0025482857372275138
ck_b0b9047dddb1ec84,0.48291776022626109
ck_43aa136bdb0a2832,0.74569224280461754
ck_3e47f8c56c811700,0.057096694311705533
ck_77c587d24695ea15,0.043184307410217081
ck_20578ac693ea4e93,0.048805511625078998
ck_b9f6040eebd1605f,0.10916315057962675
ck_ca9d86f65cfdf018,0.026012470361556673
ck_a4fa8833995c716a,0.01272471042891392
ck_f589f1e29301b5fd,0.0074708423257701245
ck_961ddb8ff55d868e,0.0019273251403661112
ck_5662492a54e6688b,0.52729114251304321
ck_ad48826c1c26eb78,0.91029225526433732
ck_621c9ddde6bf2eca,0.019532047673385788
ck_417a3500b2c717b3,0.10326779634599811
ck_c7e129058beb3ac1,0.06094425520481201
ck_ec1c902b9b9b9c5f,0.50538834523301557
ck_317360ec0a67d27e,0.21015268892452615
ck_3e3ea5d8c4a229dc,0.15579429194904154
ck_d11d27de7bf0b973,0.17714948906924263
ck_d37d56e931105db0,0.013947882784791324
ck_4863077723cd6ce1,0.0014511513652180857
ck_479a065d5903e9c3,0.0030610569145878186
ck_e66ae4fd586fedea,0.004910482134003389
ck_192bbfd0d5720134,0.021334127122493482
ck_3b436cb29af99f3d,0.022806800434381248
ck_7c7ca54969eed187,0.12125964749437734
ck_826ee896c9f1144d,0.24777559819052919
ck_ba1f6dd43fc8a0b1,0.017296376593425661
ck_49685deb63e4e8f8,0.015185951370140192
ck_687ab5d5554bfa79,0.010849040114756389
ck_41346ccd9242cc8f,0.00076045081272880241
ck_8f8e5e2b9dfec3d1,0.040748022393017086
ck_94d5ce61a0c50465,0.026354921052277141
ck_6b954c75aad8c012,0.086678420826589386
ck_748af92828c9d288,0.0075219859836494077
ck_dddd14091ce812c2,0.01493382999705322
ck_723323f6870fab59,0.031853473100883864
ck_dbdf8d0708cc6718,0.0022077516634346596
ck_f04938570a154de3,0.0075559156313914503
ck_58afa1550b3b5294,0.035441392107794512
ck_3b150afde386ecff,0.032738907637423764
ck_666b95e75d99ec4e,0.93280316956607978
ck_e00332597cf1eb24,0.099537461598564858
ck_9a9e3dac79280d7f,0.1536200890317439
ck_e8d37262e859d9a1,0.032623805401176632
ck_895bb39d24bc1c4c,0.00086994335032581976
ck_b367449195e36499,0.012727305898578737
ck_d23f9a50d1135ce1,0.17167757410312351
ck_670dc4910cf476c2,0.0013145865355580382
ck_3ecd8a5ce65e21ca,0.0077250387587923797
ck_8584fea2df4c6317,0.098520771817415184
ck_0789ff4562202b20,0.019212830936105811
ck_749e0e50c3907be8,0.0075012529792586671
ck_c3ff6790cc6d7e34,0.012551644839952384
ck_75fb7e56432ee4b2,0.0049904661166779111
ck_529fc3170fd11abd,0.095423340062796416
ck_34a69b3b4a681796,0.56892517533050146
ck_255f0e5888ae9e23,0.11042131660331773
ck_65be698386474170,0.0010436256383140829
ck_5eec9ed855c26000,0.00094553639099219692
ck_5ab39bdc9610f6f3,0.81421847671075642
ck_1b5b75762f033462,0.026217264528381582
ck_d3e208671cf37f91,0.97001663233026791
ck_5068ee554ceff971,0.036536896653792006
ck_d7d50fb57fcb2d0e,0.0069442728715631875
ck_ba6e1115fceaa067,0.07391680710018525
ck_d07bfb16a4a7dac0,0.98528134642260801
ck_ead68310311690c8,0.83893879146289763
ck_ee53ce862bc9c111,0.0054473084190283395
ck_97e56e6037024dff,0.00067652036684229266
ck_80b04344c98ec072,0.046290103181452533
ck_5954f45a2ab45f43,0.013619320324650868
ck_18ddf7e836256e3b,0.027161498701857495
ck_89a1a780144d808b,0.016793573064093258
ck_a7331e8b808c39aa,0.13978303002414263
ck_a1fd0ad03ff9b776,0.38778177338386954
ck_c0cf50eef030b401,0.00097276946923381875
ck_074f20921189e7d6,0.015160003758744661
ck_e2aa7be60794593d,0.50562889226950392
ck_72771757dfb7f7a8,0.040726149955189993
ck_a9cd84a6dddfe584,0.043897608503277973
ck_142c00f9f8557504,0.090719138684685757
ck_221b5d40358230f4,0.016201027386522491
ck_a2d7a563f520b7ea,0.0070920707321809034
ck_66cd34bc568d95e0,0.023456815363330896
ck_a17128972d3e507d,0.0020744451985558804
ck_bda299466bb2136e,0.013418025324133321
ck_2b699066665abe8a,0.082228976961422201
ck_0ac9848bd4ba0c14,0.0013461564360645504
ck_98d2f9a6ba3a3077,0.96136406818347764
ck_a872df31b28a5f7f,0.52916260039795826
ck_7e73e1d44ce82ed9,0.01569641752641103
ck_1a415416f620d49d,0.0092810319007741275
ck_c95c786d2f8b8edc,0.010773322592423988
ck_e45012f22b7f91d5,0.0015576191892272728
ck_aa0b083e2a6813eb,0.017230569874227965
ck_4666232ddbf77756,0.0053611560574410152
ck_e08e9c8ec5f23d8b,0.010438236724285687
ck_31d4c0518e5f52c6,0.0020361771392147041
ck_c1ab40638f04cb02,0.027036179090492989
ck_4c1fdd1669c7cf51,0.0027658099265626939
ck_11662cc7940ffc82,0.12034149659890947
ck_2e679af24adedac8,0.0093160965575993411
ck_454b9e21b7f25a4c,0.0018714405678389827
ck_355c4f29089731e8,0.98752432436910187
ck_507e40760a24d2d5,0.047459426413978045
ck_0943e0f305078e34,0.98190966226027399
ck_abc54ed7111e9ed1,0.0053734435202889138
ck_a60fe02fc04407a9,0.065783924375928463
ck_244b897bb4d57c1f,0.0070838482178474564
ck_8c84fcde93a04334,0.63520830085335944
ck_9eea37d2de633b27,0.0084741484885932378
ck_b2cb9e6610eca967,0.0068707631103919259
ck_09aadb4c41b166f1,0.36659978573170593
ck_8d94fbb4828ef326,0.020338719695578076
ck_089e3a07abbe3b8f,0.015262222479770503
ck_dfee9de05e3971cf,0.0087833371387662611
ck_6abf8302ce052451,0.13862973027894268
ck_6ffa90143838a4a2,0.011451196599942438
ck_325caeab5c7a9c3a,0.0041745223494901269
ck_1964ee9db929a173,0.91067792230171873
ck_942b95988a6245a6,0.28154608852058705
ck_913ecdeeb8e21a9c,0.0074937314405354163
ck_ecf9794349eb4b3b,0.090363829655894429
ck_b6cb8d6ae828eed1,0.11837147110204008
ck_2f82ea66c4f53b33,0.55900174457952057
ck_6e676daa4855b58f,0.13132366624854561
ck_2a37fef48b44e9c8,0.049733313965996964
ck_3bd12d468fdc2450,0.0036326669817849234
ck_1a28b6a40a6bd3b4,0.23172682930621502
ck_61b79dec96d15713,0.0027255470632394623
ck_31d5e3daced93d3c,0.0067032168992077514
ck_e6c8611c0cf233d7,0.0026982419326609152
ck_f04761b4a937ac3b,0.018678193073306131
ck_38c1c75cf055031b,0.060864253731182483
ck_59a561f3df01441a,0.052687031279474168
ck_04e40f556a5062ef,0.0066405432016074274
ck_8409716d174635b6,0.015254329364044491
ck_3019afee83342701,0.048525327248139474
ck_b51a58e7f032c9a8,0.054033479092373105
ck_5043e474f848346d,0.093858734365315749
ck_4388abce33ecd01b,0.73742069849147074
ck_c93def7392f0aff5,0.14152196177516668
ck_72e7b1acc19df820,0.01479542169194837
ck_f253130dc3ca5b3c,0.0039574107470099918
ck_eb264d1b180d4b4c,0.41712012561919176
ck_c2504f5a113433ee,0.0014641767606104715
ck_c16ab1e4dafb4910,0.59983732643189358
ck_4bc42878fa180991,0.028648222676783019
ck_1c771a7c78f6622c,0.11660185802461268
ck_d523f0e50a2747ad,0.0040512715882533345
ck_9060f4e7ab7a1b0c,0.013223351938347436
ck_6b55ec4e87a5e22c,0.15489284916529844
ck_55fc62a5f89a7251,0.025377335036867749
ck_bd2545c62f258231,0.1268627134156419
ck_1ccdc69d0bb712b4,0.0094434932254606595
ck_710f867a3bd5898c,0.0062376530005553241
ck_f91d48c40337d375,0.015000972810419285
ck_f76d929541ed41dd,0.025200367516106971
ck_e26a6659c237b650,0.025034619754376656
ck_184983177b73dea5,0.0057665090910327173
ck_6d0d081bfa8a0022,0.067110373413256347
ck_2f6e64f638da0f97,0.0014496036687445071
ck_15b93103ccd38609,0.0087219418311587932
ck_094d10439b7b4eac,0.0068197910972865178
ck_d2ca47180a926ba2,0.025998184863466452
ck_a69ca7b9d70972bb,0.0097465985399308903
ck_68914e67343a7d32,0.02732101673054824
ck_8176616132458c0f,0.016346772840171837
ck_eee99af3598311b8,0.051681019233350368
ck_94410eedfca91304,0.052978917863873688
ck_cfb11a0a2325bff5,0.0032848930578710405
ck_75217ee144b715f8,0.10478265508050875
ck_d56fc799542299b8,0.00037126073151688921
ck_4c352dd3e7c81269,0.012664841281642351
ck_e23e50e02cb3904d,0.11828769738482942
ck_b921af37d500e139,0.012022685121474972
ck_82181b935360dcbc,0.99678170646913111
ck_22a7cf3b99c5e5fd,0.032039711410479649
ck_f67ee7910d532216,0.025497626880544327
ck_5f48762a14a0326f,0.0084929426356932375
ck_1757fcb0e6e3f88e,0.20042919380653929
ck_2c2f080ba185016e,0.095327346425050724
ck_4c25570eb72711b8,0.0041511626392685911
ck_a3be871ca22ac416,0.0054515132280919124
ck_ab70961e7c6695b2,0.019588371577572282
ck_a1cdebfc42a52448,0.0025861514239442422
ck_f1b80b821a20186d,0.040123699241548759
ck_ae668e4564cd2aa1,0.0035554707468651893
ck_0e2bc3a5afa439d8,0.15460211637150037
ck_3dc378f37d0b74b8,0.022444318741208218
ck_9f9555197480d1cd,0.015590896820359622
ck_bf4e7d48770a4a8b,0.37482073578080022
ck_614ef655f0685060,0.015605541856050288
ck_04d2ea38ee27770f,0.0031644452574932699
ck_e03a9d8ac94161d5,0.0057735542556233439
ck_d4007b5b26d9d854,0.0064654132373006754
ck_2dd147ce6d61749f,0.014525015558013256
ck_ff45764ea7d6619f,0.035223081576268855
ck_dbc487cb0a6c18da,0.96660024442730941
ck_791d5392bbd80447,0.010438389837015234
ck_b4068439c413b150,0.15348573490886988
ck_85df7b7de9700aba,0.00092084118223737465
ck_001e42551cd06e40,0.014266149845090854
ck_a6c02ae50932cd9d,0.011730302819311936
ck_9fd0be2c018ff5e4,0.018414689761979554
ck_32a495128395fde5,0.0051301034128614417
ck_b6f2a2fd232c141b,0.13307797644675254
ck_28dde633692904b0,0.045373533112818831
ck_a1a93c5f375f6021,0.0052354427914899655
ck_e3982142336782df,0.039244309096765476
ck_a9812ff3c111ea94,0.064298339556415812
ck_f04062216f95fa00,0.048165868251185059
ck_7c560467daca735f,0.00026282256727754526
ck_76ee10d6e2dba70f,0.29585290056598312
ck_3521243bdac61178,0.012086716047243637
ck_28588fb03b320520,0.10104160442580848
ck_580dcec33ec232b8,0.012329618887606145
ck_7109923fd7dab20a,0.022167680164301758
ck_7c872c99481c1e9e,0.027589709217569779
ck_46f4e1f5026f4d1b,6.3045937577283352e-05
ck_00d1ebc31ec4653c,0.044658589077191023
ck_aac70764dde15168,0.0035759989005476065
ck_648c03f9aa4e45f1,0.042747877319627293
ck_5478eb69ef912785,0.70617573463044825
ck_79b8523137bb2603,0.11759084114325612
ck_795c49f312640019,0.00039150205390219202
ck_89184bf7b7fe41cd,0.69802802106476158
ck_97d4bd922996fa10,0.020378095155063915
ck_1cef30d08f3a598d,0.0024661324456381919
ck_2f9fd36a4a40a6a8,0.0021403987619798412
ck_40780fc0f8d6f309,0.027846062697719748
ck_9083ca9fec2a7f4c,0.0091194994113586759
ck_62081bc35aa59931,0.033438436243041311
ck_2e1b46c5fc56b863,0.092300625576768699
ck_3d139692c51b604a,0.28197060590678208
ck_b5e54e22e3d6960a,0.0037045852939041409
ck_c0c4be3f44311b04,0.0043013357012580307
ck_82a8bdd2692c2a5e,0.0011983493034828504
ck_bdd2da300b530c5a,0.015869206251310667
ck_ee40498cd97183d3,0.0035609544956114879
ck_70b9274473bd6dfe,0.0036476789386012541
ck_473d6314ea614b29,0.008916116971011797
ck_7443d6dca8cd1352,0.0039571734951664482
ck_3b49768b448b071e,0.037566111319661685
ck_b43f04431c267dea,0.0014749980514236333
ck_4424a5223ba2fe00,0.024710932860311424
ck_819bf3e8231f4081,0.030907847465284171
ck_91d417507a8c58cb,0.35566427418926172
ck_e88e86b19cada4aa,0.044618848516175452
ck_59684167f9c6bf4c,0.23278865888558781
ck_d5f5b0dc97b9dc27,0.070893863209814306
ck_13d1b192bbff8f32,0.016002293106684301
ck_b21d8630387cabce,0.00134366312918245
ck_e4ac22046699b99f,0.0077390012165984047
ck_74b848064f2ff45d,0.00372290972776589
ck_166aa980cc87fa77,0.11364430949820178
ck_98e337806104dd88,0.0010877322644279462
ck_66eb09be007f0755,0.04152644968863458
ck_3ec9b9d8dd7be11c,0.084456493165062332
ck_8b8b9de339d75d0b,0.074141095479914182
ck_6715139e240007d9,0.0018454378979267535
ck_a0255ab46e122d2f,0.00058226811198022212
ck_66e81a4190c33510,0.017716208295911827
ck_5d75ea4f5c9080bc,0.63341491844932518
ck_df69858b8a8b3165,0.012373203144564917
ck_e15252ebd7553422,0.0010855181932617895
ck_34d6d74bb3ed11e5,0.0024411080489027039
ck_c2608f78f6851d10,0.81579545875101767
ck_bb99071e8f58c8a4,0.90207650195364553
ck_06010f0df5b7cef8,0.022632134116608423
ck_8c582eb0f6c0148c,0.0034372746390447014
ck_0034d010d28aea78,0.031417451348292942
ck_01c1f06692566ca1,0.0090579925482727683
ck_4807726e797fb893,0.096383206860365306
ck_edc9668282e3c8cb,0.018585349692128671
ck_5486768475af7bb5,0.98136910033557101
ck_3fb9813849e51837,0.012226299293280354
ck_861af5a9a9a6d619,0.0056276045774147146
ck_da39653add0f1109,0.0012638034939785581
ck_74a4244eb1f162e4,0.00075420499745736049
ck_9a930faade55b8ea,0.0049987759194003219
ck_fb6e06ca88519dcd,0.018368965460034505
ck_9776cd8263a9f415,0.011690226690529345
ck_b3dd1198ac5aea73,0.031373500640046639
ck_b6675a04df1a4276,0.0042637508786416535
ck_5c7ad6e731b69333,0.49309485605637882
ck_28dc0fdbaec00580,0.24188911778194977
ck_8e7a32f7e3905f4e,0.019579705103771397
ck_8563fed6674afc77,0.0045263407187345894
ck_9a2fcccb82da663e,0.021310733923671128
ck_6a519bdac0d94527,0.0028710783535258536
ck_a0dab7aa9c4a39a9,0.0027462741635881863
ck_a3ce05e9e5e32142,0.021247786036537694
ck_7a7e40ee3f97c035,0.58261581313005018
ck_9e9a830785112a73,0.09634774127862572
ck_ab1bb02f6b189304,0.30304277262735613
ck_7b8cb0f90fbdc8c6,0.0094580919116685081
ck_b138fc249e659e60,0.022873965259351994
ck_e73caa3771ec5e0f,0.0076238452500443313
ck_18a55b06ccccd88b,0.046111114180192432
ck_fdcb1d9265d8fec1,0.12358478060002639
ck_e21a900556b382ad,0.02595249359923087
ck_c6bf67470f526771,0.038144500891864636
ck_b568ba3837afb39a,0.00031215117780294743
ck_a2858979dd5645ef,0.002124772397391186
ck_1da9d40837ebaa57,0.024153631491411191
ck_9341c7959543c542,0.0022803076870889206
ck_c8ad86806b9a2369,0.23169796920259134
ck_5c85d93ecfed4b0e,0.053782164284880682
ck_f07b09879d697b82,0.0048409141526674949
ck_fe43da07608b1749,0.024996647473402845
ck_4bca22b5926b9c28,0.0034081928477022357
ck_aba573aa942b1d41,0.0073831581686182642
ck_57c14e32fa4683bf,0.0037323000628453405
ck_891530b489ce402b,0.0057236466877397668
ck_5e74fdadb93ff293,0.067595591312210129
ck_14436a409ebcc90f,0.008311413871503007
ck_00013fdfa0bd37dd,0.019615892535028902
ck_7dbe24ba01316775,0.20595109669407596
ck_0e3f80c1553c591b,0.049291435472696238
ck_3edc45db58760d76,0.002593547968968176
ck_29076a13f539187a,0.59103323711994227
ck_b1e81b58b9a545ce,0.10771823829111032
ck_3f8571d4f7420b2a,0.12688017908466942
ck_7dff6abe4bd644dd,0.87599493277090434
ck_2884bab237af16b7,0.017289503211337064
ck_231e6dd1fe708000,0.0098875698348386935
ck_33ecaa7b892e73df,0.017029080285297631
ck_b109ec4c63503030,0.0033504890731842121
ck_a7f522382509cef1,0.0040008610862859294
ck_748b3ea941d8b3b9,0.024062645204367187
ck_29f3a1737a2d9634,0.0039092537382337568
ck_cee8d42475a0f020,0.0029170759475679962
ck_c6b6ebe145a8ffab,0.0023999739907574844
ck_21c99e1d6b881894,0.0017061208381356236
ck_5ad798286384484e,0.014224333268578273
ck_b621b6ffcc7f4848,0.0028592227641277002
ck_ea819e337233475c,0.35154976461650389
ck_9e3896c2668ce06b,0.060895469394649765
ck_501dcf1ead036d2b,0.027197003491174689
ck_8d5eda29a2cffa3c,0.0093079887291684198
ck_4d3aa36ff83f1132,0.36545457464898201
ck_8e9faf94e3e6c757,0.0015331033838379981
ck_ce0ec41f96951048,0.045348075273603579
ck_f09165d73ee903b1,0.012544654466053982
ck_a432b1bf1d3b3d5e,0.47205575138119821
ck_ea618f720ff0b4b0,0.019760842237828823
ck_7584e7bd755cb28a,0.0059542359754024225
ck_e14681aad43e1a72,0.058566759753581665
ck_5e18870d8e30e379,0.045717972195742036
ck_ff7c26a62bda8089,0.0012772973466718095
ck_cc5a35175d381d5a,0.054340090212202263
ck_3c25029e40aa8a84,0.044927294010600125
ck_771247b5bc16c12a,0.003498905604020601
ck_664b5e02759f985a,0.0023472891649249667
ck_692a9e8f504b9762,0.00030276675267057148
ck_df8ad2deb0a4ffed,0.03555010651965336
ck_eb48c0bcd12ea654,0.041828048817398863
ck_7c77e597c951cdad,0.017349568375341989
ck_4f75144c6f3b13ad,0.037391842122710087
ck_1bcff399166d7c43,0.0042760636271434675
ck_975c2aa3d4a8c51a,0.0051858911793196197
ck_bc6f07b06aaa4ce3,0.42380834986983412
ck_80b072b7f3c7e8e5,0.0068868143026735605
ck_471e4018a23b4e56,0.0032319025385901183
ck_53cddfba570b4a3b,0.012731060316772748
ck_630530e50764f229,0.015527369534380995
ck_dcef7887a4f1e435,0.23529505282204477
ck_2795921a055643f6,0.010361796194616121
ck_7456df89f3792235,0.0032018076911097455
ck_5014a3b07e1f049f,0.88246898256710737
ck_d4ec44760cbe03f4,0.01313104390654047
ck_96810ad39d4cb7b0,0.044766151697083992
ck_3222ea25aa29bfa6,0.0011354724339824893
ck_f6c42001b84a10cb,0.05787308788689971
ck_5ac86682385c86b8,0.006461477357164837
ck_4280c33af57eb4f4,0.0023452172249780147
ck_05f79ddd8eefaa56,0.025577533623839244
ck_3a57a13ce032a6fe,0.006131757570013387
ck_a721f0d635fad68a,0.014161348992305152
ck_a3f821bdf408c326,0.0067636148465945577
ck_0ada63008be5685a,0.045494921818766881
ck_8c949bdc6e8720fa,0.18026550062749
ck_c0d2c56f9c722e99,0.99357432954552327
ck_5d2b9e6e087b8dfc,0.99936453471309084
ck_5217b55593a332ca,0.096741780250929943
ck_7a7bb9be5a7e48ad,0.037526990583534647
ck_24cd0d779e866287,0.0014223204337812071
ck_7367917891a63771,0.018187312513292163
ck_4b31a8862a857e6e,0.96713158244264075
ck_81429c4910ca46cd,0.0027429763549164906
ck_b35d803568f82d9a,0.055447338300461418
ck_4b00e75c2d2d0522,0.001813026829605553
ck_77fced07f6dff42b,0.047395850392985842
ck_3c9a06eb07c300e4,0.0043777264049319805
ck_b3867f7f494db64c,0.00047017048150429938
ck_0c45e54897ab34e2,0.066840968239051918
ck_507a6a580ab55c76,0.045769623913001142
ck_291bffc7809f896a,0.0029943778332388463
ck_3753cc5b9d02e2fd,0.0026143382220913825
ck_4f63d5245b3ac1dd,0.027445200769167611
ck_9dfb2ae78659240a,0.014938787867489145
ck_90f6f5ced708aa75,0.0005574078989542898
ck_8b5b5a6b5539e39b,0.98524912991822822
ck_4719112b55d20161,0.045927509230409752
ck_fec888a7108ca52d,0.99648944532213646
ck_4f5d022c99f118b7,0.083388992884188703
ck_e967ff05514b697b,0.10239061519374684
ck_839ce35819bfa4fc,0.0041494915796144397
ck_bdee1221b9addff8,0.0055883444381328992
ck_9cde4036d0914427,0.023755517644765273
ck_5ac959cbcc5e98f3,0.0015906507551246844
ck_619842688294dabc,0.0018141210954046411
ck_7373d7b04c7799bd,0.016610973893193725
ck_c1dd3feb9a0b6471,0.014025474994002456
ck_0324a4812ec319c6,0.0072294559440390666
ck_7f3685aa2933b251,0.22262089094321164
ck_06aee5a62a67a84c,0.28465127896516768
ck_3428910b44b9d08f,0.13791358684125965
ck_c3ba7534cefc1de8,0.0073933165920027841
ck_1f1273a67cbad5e5,0.86009025836784847
ck_124565a11b2f8bb8,0.0017373055397198621
ck_38e46bc861e0165b,0.070925589056849314
ck_c8ad3f01319c065e,0.2051168190299045
ck_3f94a34f5038f7c1,0.97720552529321503
ck_cee56be5a502fbd1,0.48342747201119518
ck_2b90b76cf4d162f9,0.048857315670144424
ck_884b2e463ff1d54f,0.015188486124489833
ck_fab4f2f8531b4827,0.055691048118899425
ck_4fc6256e0e60a926,0.027553606120475589
ck_0a2f8b2f8a5b6f02,0.0057756505610893532
ck_9c0deab8a8367c5e,0.0012151706993680073
ck_d3a2a4c011fa2554,0.0029113648505875245
ck_4108b4038f762817,0.80463113373972783
ck_4df036e2aa7e1056,0.020924694417989505
ck_ec094eb1cbb3efc5,0.0053310065561203643
ck_09f8f51bfd2492c6,0.03257664493556852
ck_b60fb9a10d6f4489,0.068146771781498208
ck_3638bc3388dbc1bc,0.37054654533066111
ck_7a58e0cc9943c39a,0.0068490705414515768
ck_37dab6a0a536ed49,0.28252718649833625
ck_adc576690df5b33b,0.016911172946020733
ck_1383b2b1875000f2,0.0096515987763429734
ck_43c1248db37a2eb0,0.0013268988632327582
ck_29c11bd68858e923,0.00049862345057227026
ck_9401f9e11f65337d,0.04314751596646918
ck_ce5ed372b1a2ed6b,0.072624941499457488
ck_08b4619490e751a8,0.98032461009932659
ck_44b9125526acb05d,0.039263619446589612
ck_ef1a1de20d2124cb,0.057601816250013524
ck_e5e2624b7fc89774,0.035035502761219084
ck_f5100511609b92c0,0.00066595750522708609
ck_64f3bb17101b7c42,0.018704685502760436
ck_ea1e5b5128ecba2c,0.0038053904008993941
ck_516163fcf04d5e77,0.0097377409499836455
ck_7f9a748110d70005,0.0085938866833283577
ck_d263b55f0a681cce,0.14140342420539839
ck_0e962eacf98a813e,0.0043268649054201145
ck_0406931800e0e2e6,0.0091095503111988697
ck_0e9b982afc88a3a9,0.99890736803373747
ck_8bbb625384edebd7,0.00064823620089513078
ck_5eaeb87bf6207406,0.97722931062216145
ck_cc3318839c4b0745,0.0086636792263251258
ck_08a0355d1f1890ef,0.0068996065975691339
ck_af7ffd1a822460d3,0.28753430094967264
ck_2a09c7aa870edb6b,0.0053740149665049697
ck_bc04f51c23290bcc,0.010543042624906377
ck_d3a8333cb389f4c6,0.014123326764026861
ck_88e3dd3039508332,0.052604752216246463
ck_b8c7771de9b57705,0.01023854417169782
ck_585ababa02383b50,0.0084446698115243565
ck_e988c108754cee9c,0.0079607045957568994
ck_4a691892d9d6cf89,0.01414079679083877
ck_7cdce37d895eefb8,0.0029414530425889481
ck_483fb981a1fb4317,0.0021145591902062373
ck_c1e5182bd99e0e35,0.13834034087253652
ck_9a1e3ec9a1839939,0.015821155702316996
ck_5c3f13de0dbd5086,0.032158452118003583
ck_f4f6f0caaab70040,0.0028612883396219894
ck_791be3378dd7d64c,0.023684536302313399
ck_956dd784525f5886,0.13239236541707508
ck_098167eaf124c279,0.039865208036730236
ck_33ecff7914349ebc,0.014948273625831975
ck_e05d44e46c7174e6,0.012916476407158355
ck_1b2ce474fa6582b4,0.07980088971403089
ck_ab581082e8f72e3d,0.0099721495732769498
ck_e63256667aa19070,0.11584610208344237
ck_f568772b6cb3febe,0.036278511707229219
ck_dd89a282375bbab6,0.4363913665237299
ck_a39d0bca345b492d,0.013069041078377525
ck_d12d2924d0f7a64a,0.0044507490025444112
ck_6a548da1728b5823,0.99557484035851807
ck_6d64193681d2a94f,0.30088636631617766
ck_ced6b6dcdc7c201a,0.0065215559530757078
ck_d1b0699d26282871,0.052888749738761356
ck_58f757e40a9b8877,0.12364746824024313
ck_3272c2c4a37d5220,0.77584956738275235
ck_d94dfde9e03c9d1a,0.015118929167643944
ck_08a6d4903a7fbaca,0.077708088191982785
ck_6c72a36b05fa0f4c,0.0086042820932041575
ck_dbb4bd4eda97255d,0.0071595648032768151
ck_94b59bbc824b307a,0.012563118721234527
ck_0229a07185f15469,0.017697879028412321
ck_11bf1039f8b3025b,0.010127132285536401
ck_36789ca11459131e,0.14571267790049569
ck_8572c5f5c1447c62,0.04818042920279423
ck_9e75c6641939f4fc,0.046919217023961478
ck_b45e47c39d4dc7bf,0.04945530114355963
ck_02903c48b6cfd65d,0.0052440432197826924
ck_b153386f1729de81,0.0076841398469924462
ck_36979996f33498f7,0.63187513655155292
ck_3c02d4dbbf6716b6,0.070222608903587017
ck_66c9a19963957531,0.14468738385050411
ck_bae8dae7cfd8baba,0.0024224096021472959
ck_bba0ccc6cd968680,0.059707744253932757
ck_3267fe3aac05c71e,0.012717831840480028
ck_40052cac10562cde,0.056335374659182154
ck_d973444855403e2a,0.015276711091536244
ck_012519bb095ad36b,0.99957873269851183
ck_ad7c256ea10c4a00,0.41408915901626958
ck_70a60e095e9b706f,0.0014634496316009535
ck_f2734417c0db4ee3,0.0016462632807681384
ck_9cb89cc3178e0172,0.046672388284176317
ck_779cc0f2de4d5488,0.33702317783933078
ck_35f8656bf93e3b3d,0.003385807155911723
ck_bdd8eba728800e29,0.085633770637212295
ck_002cf760d173f0f8,0.026431491956798357
ck_b046067c6ca3831e,0.0048788251317544353
ck_a4a42d4bff8af645,0.0077036191870484636
ck_bce253d2396681a1,0.013413038351706121
ck_00dafc060c8de32a,0.042153582871033352
ck_968a99e097ee78c9,0.16517772513357826
ck_66949171b387bb93,0.036775988437882351
ck_ad305286702b1958,0.0019975527063911445
ck_4732da7e0d2dfc7c,0.036917458351238941
ck_17a95bba77217d85,0.1959161935862514
ck_3e2516a3e35067e0,0.003143557406649713
ck_0b615ed566da1f58,0.013082172888424807
ck_d2b3ce1ebabe9f93,0.10687253945695041
ck_a892252e4e0c2828,0.0067027288115753484
ck_cf606fd6ebfdf9bc,0.00092618263886271393
ck_718865237134ebe8,0.0020208020676472952
ck_878522cb775b904c,0.1429664413699698
ck_9ed53de6ef779ae0,0.0024470194599219616
ck_3f16e2cd7e6874cc,0.011187600111227219
ck_3c59df37895ead2d,0.002272550628255523
ck_6821459b626d492c,0.00027138770486566388
ck_11c7667920541587,0.013076678323784577
ck_23a016cf6b98d89c,0.2715738659508049
ck_7137eeb394d200f1,0.032608189924179416
ck_9c4886c5c90ddbdc,0.012931161847337854
ck_1422a7bf7756294d,0.97714551674570349
ck_7ebc5fa7f0d3b8f2,0.023229462450020007
ck_fcc2059a8d5c41fa,0.30399616580042504
ck_00ff7389d6a83e29,0.048161359651225567
ck_03129b41457795d2,0.023025296446922
ck_38ba64efa7c38250,0.030188198371348271
ck_57a6b56b09bff24e,0.0025971238315296167
ck_e3b3c5a80a567418,0.0043218964791076637
ck_fc40a16adfced018,0.0039156300581767315
ck_9d4b5e6b43bad4d8,0.014747132900738005
ck_61129937ee466b49,0.067288450490970347
ck_74112e47b8629c2a,0.33855255944943741
ck_b4703ee97f94d7fb,0.0041116693968107918
ck_e560f720a988d8a2,0.96956488871472757
ck_708fea345f68037e,0.0026474870618506448
ck_25394c1b83e0b803,0.07752431429853085
ck_17ab24fe914ae44b,0.0014658056437101899
ck_16c501470d9bb006,0.0051416702328545404
ck_628f449e248c19b7,0.35514018992325386
ck_6d64190623dea714,0.0040295800653517757
ck_504a45ee08db72b6,0.008787965970133484
ck_6cbb011e0c70bc7c,0.0041712906854200751
ck_b3225a98acd04f83,0.0070763511302022412
ck_aa37993f1c17cd1e,0.11545685571363667
ck_558cfe5f77a55a9d,0.0084324472367289655
ck_0d0a1a021efea5b6,0.083356969156081664
ck_daf7aea023b7a8f6,0.078743844970847049
ck_d75f25184ece2b51,0.0084376964395385216
ck_466d4b5366c50b98,0.0017819165521577476
ck_88f27ab479063852,0.033892356413632134
ck_66779098e78c1760,0.0020171933309923742
ck_b150fe4efb449b05,0.00096463728923090763
ck_9c3aa9f23d01fa1c,0.0020561103468786221
ck_6a01c375fc26705a,0.0017767215984482226
ck_002eb6552b504ea1,0.0062567707016417517
ck_affa5aa0bff9bb0c,0.0082785308417580548
ck_027614eeba8b1a4b,0.0030858764324234724
ck_67e075c982add719,0.001905969381131932
ck_399b0d510be98bd2,0.022637021943935871
ck_e9b0bca7368555ef,0.017427755648600163
ck_59c29d9c57b4f994,0.078722777670710758
ck_37176850ed68831e,0.0051725266003584498
ck_a0db4ccca08030c3,0.98675103415779408
ck_aa188e5c25f7f42a,0.043884891870212481
ck_7de6997178207800,0.0011353644366557927
ck_c729d19053387be9,0.087326872172433692
ck_f2d3e3d90608596d,0.49351371186835058
ck_2db3fb565e0211ee,0.0024340772641612157
ck_bed8a480e27e911e,0.057679937195769471
ck_d7ad9921a4d25926,0.063700249227196526
ck_2a59f23fc5194699,0.12912114559954263
ck_63601a58a6120d8a,0.070542240326600683
ck_efd7b9e22c6317d6,0.025685249139876205
ck_9ab42875a0f95b43,0.11188166270390998
ck_85cb5033fca7c846,0.10673207726779946
ck_5249b223000915ec,0.15320659043947599
ck_3efb0e9bf25612c7,0.0057066632154004465
ck_678e74532ac19700,0.0089806773365372038
ck_a980b296c95153f9,0.042025073228470551
ck_01ac687ce0d696a7,0.047753293018852686
ck_52e1418cf1aa9871,0.012834132389901413
ck_7d28da4f1dab09ee,0.10868585735089523
ck_010d0c2e6c1657fd,0.20541987058469136
ck_b524f7a2e752b9d0,0.010374865989404113
ck_cc447fcc24a0772b,0.64411408716528551
ck_2cb3c99845e572da,0.0036677815383704781
ck_604c710141327a81,0.0013647704502136428
ck_8d5fa65717d2e0c6,0.041361410026849621
ck_31199510b40602a1,0.0073536612179445938
ck_49e253ea12f4e922,0.057752675222431354
ck_780738e0d71e7e43,0.012994148686019476
ck_2cd21137a07fdd7d,0.0040798135239922904
ck_5e021f2a3b66e256,0.086246731876575847
ck_efbc79246e32c66a,0.065505538821747492
ck_9951bd806c13c7fd,0.10050032221901857
ck_7a52674e2806d8f5,0.14584645220384607
ck_1a319e509f1efa1a,0.0023108906908843267
ck_c920901b9a4ba993,0.94683622726245609
ck_b71279e807d0b3a7,0.011418486534572354
ck_47e1032f490bb018,0.024751364507787581
ck_192579ecdca7ff83,0.045231340653081667
ck_b1496c474c4a3239,0.0019554172776592611
ck_5e68ea2c5e893cf0,0.056580177458261174
ck_f2ecab85d4693b4e,0.15285185327476067
ck_89d7bfc81c3df597,0.0087743280982119209
ck_7929284327667791,0.11253822732519794
ck_494ec63c5ce8e150,0.017007587890397333
ck_319b059bb2145586,0.052314327549083758
ck_ccb3767c239018c1,0.005760576042193895
ck_a1c7adfe26e09a8c,0.026169383112230458
ck_0e13c4f73818149b,0.01711960015473658
ck_c285a51ed6214f52,0.025172165213744595
ck_916784595f028226,0.17300755674180762
ck_6cd8e0196365c474,0.045205657748001671
ck_57b657aba4daffde,0.15748401856511229
ck_562c76a3753fc7da,0.63393805583409213
ck_66cfc1ebc9a513c8,0.0030761215342090683
ck_0f38d4aed68d7d24,0.010348350508233631
ck_d8ddf5e99f7859e4,0.026305417650477197
ck_41bc3efa0fca700e,0.37585295693235748
ck_40799e129fcf42c5,0.46100499028405395
ck_786f079389126e44,0.045580226110885184
ck_bb4c6b713eb0b978,0.028008098117673526
ck_4f01f7eac0efaba5,0.0050458494131349558
ck_47d29c01b20cf69f,0.024561913097893587
ck_bf15a1f8d67a30d3,0.027542533383206239
ck_bfecad7586f65e4d,0.017187262990484398
ck_fc9f16df35190eb4,0.64801069398448863
ck_c09c914e416edd08,0.024688653684607671
ck_c54c5d8e4433b0f2,0.0011650985730081716
ck_1694c28f44480e98,0.042389608888259551
ck_1dcaa3078dbb7571,0.00063726401142351287
ck_af559f990c640e41,0.0070466745130202315
ck_9b436162039a77d0,0.036024970756837291
ck_79d62ef181bd0cd8,0.022211782082347319
ck_23caafc2cd34242c,0.006912033508886516
ck_ffe2aa26f597e552,0.0090384772608490174
ck_e6ffd0754ac08661,0.0017138678681509023
ck_beaacb4a783db21f,0.0080124584942784689
ck_9863bff41d24ce9b,0.0048382055282900575
ck_323b9cc5c49f8ea0,0.84045863613437377
ck_ab3de3d3e41c2082,0.011670087128744931
ck_35c93b2924900376,0.0046133509305692402
ck_5a9d5f9901e37e31,0.023646764904735714
ck_782b0be796164335,0.006075657935081114
ck_11960b5f1c7a5e2c,0.0016685720793731022
ck_9a66cb13a9884cc2,0.029868720057731973
ck_ba666a425930615a,0.0013002071264095832
ck_40140bef4db73741,0.0033964828083740089
ck_e05e91cc180063d4,0.18424579588271237
ck_c7f6f45710bc050f,0.013805890389373715
ck_055fb9f2e1c8c934,0.05138875538957216
ck_58bb02d98e2b9cd5,0.051560119735730006
ck_d9f8efa6a7800f76,0.023625680320500615
ck_69691226c68fd50b,0.41308886142872747
ck_6f2f0396e5b1c538,0.99158424076431362
ck_78bc3f1d0f35ea6c,0.0046149759950298947
ck_2d5a6b6636a2596b,0.0023522662551763215
ck_7878545739af0a73,0.0030325217192854197
ck_03c4fa4f3ed3512e,0.011308990865891065
ck_1a9e51d092d62c84,0.64250266534149114
ck_9f3861940d8d873c,0.03332402978096119
ck_4684fdd61c6a0fac,0.033325105599163143
ck_715966f86d5c913d,0.00569035860879638
ck_77f293d44b4a3d2e,0.13629509911334142
ck_24dae044dc05f849,0.072186847043232416
ck_00b9818e2064405e,0.19404745961340486
ck_c1c2cb49c3c1b0f5,0.26242275281069571
ck_bed50fc64fbbf8ec,0.0062196331002935803
ck_4f6ed5ea5ab7c429,0.013975140530755558
ck_458531c22ec2f9b3,0.016605213765544344
ck_51c50c4c443df31a,0.78929061023262514
ck_732d45bd578dc39d,0.017045465109666119
ck_783fe5bc20cd02db,0.057070422450241645
ck_7f188aaa63d1d442,0.0089853850090740404
ck_ef307a6aee38d1fe,0.96181157611288493
ck_e37196b20968b73c,0.06450745851015012
ck_4ef9de711c3d93b1,0.028117301758531461
ck_17946516d5df71d7,0.0090255064241232669
ck_3534be0f4efd313c,0.32063173066230577
ck_29fbabf855cabdff,0.0027225363026327533
ck_191673540d8486af,0.11922733491339534
ck_5f52728d777ff2c5,0.021890635888824297
ck_a045a19369016818,0.99894470036431393
ck_4eadbe7298b15e96,0.015374878113198213
ck_a3a0bd59729fe619,0.0044201862251717679
ck_a1e77090b1c6ccf4,0.010745168632454671
ck_69ab9d4784eb77bd,0.024100394825635484
ck_baa47383ffd50f04,0.0037198394033451099
ck_e35b2ed08b9e55a7,0.012342077287067019
ck_b6e3af0a5119d9a0,0.13587411901135218
ck_a7c1dabf3869772f,0.083609707660127583
ck_80b8fca67a14e0be,0.81364191234710448
ck_dd9c5f0c42878e67,0.0053295578796151172
ck_41ef7967faf5ce82,0.000204300347789471
ck_a93560aa348d6225,0.041883422352806773
ck_ffe91d6f0bd93fc6,0.18621627729568285
ck_fbf630c960194033,0.04144690443194278
ck_497ed60723283c0b,0.087852089783430995
ck_2a46b7ca55239413,0.0030141318566193421
ck_1a4e5ace078dd782,0.017551614724040931
ck_616cc31910f5de50,0.0095376339498881163
ck_0d65bc749eb42710,0.040081611623956834
ck_2408db62e4395ccd,0.028667937113369034
ck_5d7721930106dce8,0.029086480633358697
ck_e8a6acea22b20312,0.66943013816213492
ck_e2f792fae128b18e,0.25015112772640502
ck_e6d3ce445b86003f,0.002731794581676899
ck_263334d722ecbc97,0.79641047643664742
ck_8c5b29f6666d4874,0.054011498850869089
ck_7ea0bf310fc20c7b,0.98924642374079252
ck_54d463f7fd89ec3d,0.025048219984797185
ck_79e45040dbdd6447,0.090879460112748098
ck_60b4d59953505682,0.92147617596711529
ck_fb00dd5021642507,0.014354546715557651
ck_f409ff994a210601,0.16352181789839801
ck_2ca0020038bfec58,0.73885972922693921
ck_adf84b9df54c3d80,0.028252976456138154
ck_942dbf632591b65d,0.020485480357068885
ck_454a7e4d859a3409,0.00105722920590034
ck_2139062d4569aa07,0.0037156086033429403
ck_e949a0f4df0b3902,0.47528399267933441
ck_bb113e3e6716ed65,0.021736367154086805
ck_6a28ea6ce69cb869,0.28020162778722341
ck_7df9910af2bba21b,0.0012604805755710676
ck_78aa4b731cbfe251,0.0046862403375164414
ck_5839f5cbd8165b1e,0.02431070040380726
ck_7158ad9e58769ffa,0.13931763387166915
ck_acee218cbe61df69,0.11370348668559266
ck_f8dc8473c2772729,0.14253085206861851
ck_f34c93a8173555b1,0.052500313352153244
ck_7cf301d075e4e709,0.018260577028894654
ck_b87e88ee5512ea17,0.0032916217852539988
ck_bed0c020b10afa3b,0.046243538605881887
ck_ca10102961f99eb4,0.0026968035793557797
ck_393287947b5c8d79,0.026630347769220984
ck_2fe6cac002142f67,0.13774569027132436
ck_79c7f0d29b1db1cd,0.014408680827237681
ck_c735b643d3cbf67b,0.0084099596202984149
ck_ea4332c8fe48e2a3,0.0060124595742061943
ck_d39864119cdd460f,0.016030091152961525
ck_3b963d6be2773861,0.0091423017213973085
ck_df39e3b8a9fd0bfd,0.7752859962659302
ck_6236a461dc0d11a3,0.0022723988958140511
ck_475ebccca25e30d1,0.02268186386980043
ck_c10c8bcf5bcd516e,0.10713780362107056
ck_49ccc3716a564256,0.0013703325596806806
ck_4e4f99102f6938cf,0.043681837298354967
ck_a97b481ade6f7972,0.044203928109336876
ck_3fa559c679751b3a,0.032208604769042387
ck_3eba1fd2c7acc4c0,0.50036415036820414
ck_18c179b4afc4fccc,0.011313974428031167
ck_cc1c0b93d05b7d20,0.097380553265548037
ck_742f7c28ddd019e8,0.054606281237387498
ck_04470bc93b8a0d71,0.012123395400583343
ck_6e8f8ef7a03cc6bf,0.028267819633542482
ck_eb1ddfc353b4da83,0.0049101723861605957
ck_98831b57c7ca2e4f,0.00064056021987090705
ck_a6c7b8d6e8596d4f,0.15101014839902249
ck_cd7d24e3b095e96e,0.1086538627810326
ck_3f5ae4673a9f858e,0.036113004222185024
ck_05f375fc8ae0afb0,0.0065780260244800185
ck_1fc98436281ee39e,0.0011343100544246379
ck_6c48c58678f64bae,0.0014259527182979336
ck_8c95aeec6a4c75b0,0.0081324385877835394
ck_364cde38958b7af3,0.34683586608570294
ck_85bf21aa1a00452f,0.0063136051075302329
ck_796d3eaabc667c23,0.99909065090416949
ck_ac449ee0c315edde,0.025785236881446353
ck_6f9fd15ac6b163de,0.0042252077948737431
ck_4087065be2a45ad7,0.56390936005275238
ck_ecf006bbc78ee3eb,0.32416087839440766
ck_8ca808cc5a49cb5c,0.050660389894753556
ck_94b90ab8b2dfb50f,0.014390020155708685
ck_59fd11b3232de9dc,0.98966750559124739
ck_67f3794d93e2dd67,0.19749638951478707
ck_b7f5acf5df1bb13e,0.016611909549734048
ck_fb04ecbaebb774bd,0.0196484007141089
ck_68ef3e7301c621b7,0.019577131940107011
ck_41406cfa209b6bda,0.0043953804313802743
ck_b0f8f5408662337b,0.00091809049959471541
ck_0d2901bfe585c391,0.19486696304830098
ck_3398551e81dbf3db,0.09543920537783257
ck_61c3e3e277629646,0.028194881022079024
ck_2825e34dd3e7ea2a,0.0034367871684136569
ck_20d7571ba830009d,0.051943733193414263
ck_c98b16f9a72a6568,0.001064374531360333
ck_e7c8a9e4641eb9ed,0.00047057795607994982
ck_254a7c97c36dab8d,0.049207210746678338
ck_e98429675b46272b,0.0024922847674780637
ck_c2fc0ac460786d02,0.16657265504317784
ck_fba15647b3a140d9,0.024468423162774654
ck_15ce50f2704227be,0.05364907473681501
ck_8c748aaa4a4554f9,0.04690733479350586
ck_e00e82a9419ff086,0.018985452943901273
ck_832341c98254bd84,0.034578962124459461
ck_27466468d06db4eb,0.034330620928053897
ck_9d7b9e3ff1f3e71e,0.0058490142473213488
ck_42c6973d3a6fe983,0.00060151922357036427
ck_877c85bad118bc62,0.088881676209539309
ck_75d2a2715259c4d7,0.072791167821052591
ck_37d3e5c681a2214d,0.67737665050288665
ck_bf285dd49f372de4,0.027519099475252586
ck_a5bdd026fa9c50fd,0.0089571649504557593
ck_88d9244a9cf7a77e,0.75123135903000438
ck_5881b174e49b04ee,0.002787758623057514
ck_5b16d67c5ea89930,0.053753683694931838
ck_b75b936aafac56b9,0.013977332850183601
ck_aed2681e1646a0df,0.22315030181291673
ck_f63cb5e8cc702bad,0.014201004760009841
ck_1805fcfc4a9e4ffa,0.97518979074366996
ck_25c355da356c730d,0.0080039957053439394
ck_70396398e4a96449,0.011776978472908147
ck_0f743bd13373748e,0.019130656555124935
ck_4b387765f0e916cd,0.0064467190468929739
ck_e971faae8a10a260,0.0019651811272428455
ck_9eb08369e983abfa,0.004132894709877941
ck_c30c5844512e429f,0.14940497757805249
ck_59e77e3a81f1fa0d,0.02654899356728865
ck_ca4465f2b5c1a52e,0.99751859224072148
ck_c89b9ca398402f1e,0.003649663755786646
ck_36e72ef9273e7a95,0.011780610831002954
ck_2bdd8616870e5e1c,0.0012446772051595194
ck_216e87a41de22b5d,0.098723184982556444
ck_60f4fb44f5efe3a0,0.0018751852286500313
ck_05652e8ace6ce6cb,0.003875183111779347
ck_8c136dc691e65695,0.00016009856126704072
ck_a08f8dfadbdca112,0.00629653067950222
ck_bda4041a3e90d860,0.014516090027408383
ck_15dd3ecaa8ce0245,0.90284076914133271
ck_3e3c64b3b7876ce6,0.076997217561446202
ck_46225858a38b2e57,0.0013502552631663475
ck_0cb9f54928f4feee,0.010924207184302051
ck_152671fbf8a9a78e,0.38081210498195628
ck_ee7a515e87d17d4e,0.0039000790997974159
ck_f7276091bf513d22,0.00053325438233118325
ck_4f05daf1cf0d5755,0.0074779651363069705
ck_83a69c4a5d55ef19,0.084939259914769347
ck_c50fed2a7c9198c0,0.019118939479348934
ck_70d19d5650ddc8f5,0.010576173224632557
ck_4b4d99e443618904,0.029642239585143192
ck_dca0b6ca93311ca2,0.046755283998880709
ck_b7431d4706461ec6,0.0054559106719399859
ck_7b59d22cadef3b05,0.25716878852982156
ck_53428573abcd606f,0.033507645538853388
ck_f538ab6aecf2adfd,0.0013781674084617978
ck_d321249fb065d2fa,0.22114839236686923
ck_72fdfc7e6d8e1436,0.0061084879311787618
ck_b52b99dad89ecdfb,0.0165483083194106
ck_d2d4282f9d256b3e,0.0080351535053841527
ck_c8f2a1dd8a6141a4,0.00751616184960724
ck_8d38747058d0aeea,0.83224735278032758
ck_3ac528caac74f563,0.0095053669480861854
ck_8dbaaa00ad829ca9,0.019492064759012735
ck_7c38ec898f0fc21d,0.0058364666611148176
ck_8171ef803f5ff604,0.009561381721295184
ck_01a750db6fc1168a,0.32405406816314025
ck_ceb017baa26e98c8,0.080910678997421936
ck_e2c66c72cc0b0f78,0.08362788501707917
ck_8d9518f64b222416,0.0065885294469947633
ck_804c5a1fa5753617,0.0052758115560294439
ck_fca7cc9c42695453,0.0048516517995178454
ck_3a632cdf2c19051b,0.12801701387074188
ck_b2b63ea65edf1dde,0.16387604741568471
ck_27b07021500ee841,0.017045493892616465
ck_9724718fe64c6557,0.99307365060525266
ck_2786cbc3e75ec034,0.25332805665594677
ck_d9c2622cb6df380b,0.0061267721268430083
ck_ae1da8ee98e402a4,0.020261219611570867
ck_62967b91504149f9,0.014723105614136305
ck_6b255bf68709109a,0.013541391121143991
ck_c55afc68421d85e2,0.005533215482824057
ck_7c7266f6ef2a8466,0.03289568078630279
ck_885cf685a9541190,0.98670191128898932
ck_1a4bb7d3d2ee3227,0.021258120735389519
ck_b4911c42f3bff740,0.00069512469143591783
ck_66f9f78d4c6a3edb,0.025872845863625465
ck_49bdba9ee1899dfe,0.018732880317962882
ck_79b235d51718435d,0.028849323372040832
ck_d840db8cfe2ef6f1,0.0011934964037407455
ck_610c7bcc1cd7ecb0,0.033490293912197884
ck_cf49b6544aff6c50,0.90036869757848881
ck_de05f97c3d40dd1b,0.089612890032756673
ck_0302f67d75973dce,0.014883194996732399
ck_54c2604c9ca6256b,0.050457893385044604
ck_a1c88c0568f142d0,0.23320256936891059
ck_5d72ff6cc2963d1a,0.0083271185301905977
ck_0446920a1004c596,0.0012325277911919682
ck_71044c29ef071570,0.0095122721517608352
ck_2122e9bb1afffef7,0.0057298360286158643
ck_d1e3de178601d3c2,0.011847839508693928
ck_bec8324a3587ef04,0.0024162723027685638
ck_b616b6f45225f319,0.12197262461136782
ck_ce1e695884511479,0.041236789481630891
ck_a662b4bf900781e4,0.0003259662514805855
ck_b5a84c5547378c10,0.0016726798096656076
ck_f80af368cfc6cb7e,0.048276541376871575
ck_da3526ab6c5c884a,0.02340278360193937
ck_bd20be9a3392d79b,0.0049596403632472495
ck_b8266dcd90cbfa62,0.0011161449724604205
ck_ac84b33304362c06,0.0088402868104419732
ck_794d8935a895e33f,0.096066738610284821
ck_8fea7d915259f1be,0.0049194042081413536
ck_7a1519ad5ff45312,0.00083535330327202137
ck_9bf3ce30b65f75c7,0.31056430111182881
ck_5f864d72d1eead99,0.5554482889734681
ck_3c48e0cfc2a58041,0.85837469713353154
ck_d902183f80cc81fa,0.053972674824422057
ck_539cb0d117db8cd3,0.65367545237079971
ck_28f530aec8e77130,0.090602683304090686
ck_e7d903c50d353361,0.36472028137031753
ck_d288b77d1e227970,0.04248711574084852
ck_017208fcc01b5d40,0.0047142098634003864
ck_7e3923d278a5106e,0.03739363391060619
ck_9700a00ff9e66216,0.061100837745049569
ck_5c36c78b7a4d138c,0.10006503591743435
ck_c457e9c9224b773d,0.033736802437207766
ck_1dfa91405d7e66bc,0.0042913625988924156
ck_f1d8a2695a575e56,0.025807882630421494
ck_3b92a46daf8d00d2,0.0084637620910773294
ck_aab23b5470469649,0.0093738180956452304
ck_ecdd01a391610d99,0.012473462655814551
ck_abd3aa292f8edb4d,0.21604477751178502
ck_7fc9a0776e1339e3,0.002337315875387463
ck_c0389ebeb0e65cb8,0.0080825830151848785
ck_48d0fc4f6a2109fa,0.99839103236659854
ck_571dee4f3336c7ce,0.021848426207772373
ck_4cedf26628c84f26,0.077645887588542337
ck_63356762d24aab81,0.030620704832026703
ck_2c5bc11bb7ae5d2c,0.9937499033337156
ck_6d26a152f900fee8,0.0046924941544351307
ck_c972b0e781efed3b,0.0029976063673837088
ck_fa0ecbcf9a33d6ce,0.0063700554005114325
ck_fa3a766e49dc77ae,0.013194824025239572
ck_7baf1e55db0dc558,0.015896617166808794
ck_e8bc49e6494c1f37,0.0017950201829209792
ck_8ef1d05cc1e53e7e,0.26704267039616636
ck_cef2a485a77e0723,0.0029526189554267435
ck_228a583f23abff48,0.033564722100408728
ck_ac32c6e374782b27,0.10762096682568734
ck_b9485218cef413f0,0.0012730752686077435
ck_7f15503048915d6f,0.001057408239921967
ck_b62f5144db15ad34,0.047246797980296476
ck_917d82c552f95a23,0.10224921865495014
ck_fb4797045077bc6d,0.0027015485717980601
ck_2cf8a44e041217de,0.16687421136957931
ck_b7dd681eb3d2ee38,0.0026212678671008621
ck_e9e8cacd2fa35e79,0.031790755558106856
ck_342a79f91de5d1fa,0.04990648713556553
ck_2c91f62c05685ed7,0.022681105910411274
ck_e30cb64302939f38,0.040003788585218726
ck_d0e95b90ba86da10,0.0082616903962448706
ck_1774faf414a5d49d,0.98725021137204838
ck_2401e8ff89e574fd,0.90150174940071648
ck_0cd8802264e0a1ef,0.020371810492848579
ck_da84a0dfe947fd3c,0.024334100071342551
ck_c8affb27ba7fb5db,0.17842877086827771
ck_bc7ece8787ca7200,0.023222754349892124
ck_469a0578d05990c2,0.0012918590263558986
ck_eef67f8dea702338,0.048875975727587215
ck_4f490e379e9ded9a,0.0017631591109508343
ck_354379de065a8ff8,0.0056818104814836817
ck_5db1cb368bc41ac3,0.034100562387436313
ck_9b1c3742dd6fcb8b,0.02314186694086736
ck_63ce4f44c92d7143,0.084580927429675309
ck_e15e3390f5ed45f3,0.063731124118260249
ck_da645ea91d66aa6f,0.75846487411843178
ck_834ca727df855f07,0.33989618257066168
ck_e1d5ad20c737c745,0.26522248987825642
ck_ff8059ae5fa5f1ee,0.00074702579427184026
ck_8bb9e75393954a1f,0.003386340868870452
ck_4e1757d1347ab387,0.99786685806052411
ck_af3f74b1d75a5d95,0.034424080386885818
ck_6b1ab0742ff04c3e,0.072764662325514623
ck_f56073911c9f1ab7,0.0051395384976613522
ck_51bd5f69b4fe0b92,0.83163949899135137
ck_fc3d95030b81f416,0.00019205782403535656
ck_cf78169633a1600f,0.0014791144930546953
ck_ad7269eaa65c67f9,0.0063432135423288176
ck_cc6d33890d47a6cf,0.098380683225109081
ck_bc8f31f4a2ffa1ae,0.001284684862456005
ck_720776a46e56dfa8,0.0091150979703204862
ck_e2d1f212f259539b,0.016125262451923899
ck_eaf6f7082c3db2bf,0.04495779446037839
ck_773efe58c6278c3c,0.053597670652648643
ck_c4a72c09f2fdacc4,0.039497634837967803
ck_8982888dd6611143,0.0024264923850327155
ck_9d5049e195eda029,0.023235707168950157
ck_de58ef6f9fe2b546,0.019458810301407604
ck_c0b50c11e4f5adf7,0.14197778452819199
ck_ddaf228487858bb8,0.12144761528035386
ck_eb2323215ff70362,0.08350776556562034
ck_168c96a1a636ea15,0.01462838075604536
ck_9c46711b14d9eebc,0.0052003461791799259
ck_de8af660806b97b5,0.00059168641497835757
ck_6ab83f45bf16eaa6,0.003775994050782184
ck_bf2228a052815840,0.015188651247367423
ck_3f943f20a9da9bff,0.0075656373305381785
ck_3baae40454c00938,0.022031482740030677
ck_bc2e771a1d8d2dee,0.12949902985226355
ck_e55f5ca37f30ce8c,0.055727313761540997
ck_4ad5937bef176d89,0.00092812744648651242
ck_126531a9126c17c4,0.0021298375578522001
ck_7ec423cb56257516,0.019298683745978061
ck_54748ae0f2daaf10,0.017623018446927836
ck_ff24776280ceeeed,0.043761459010545248
ck_3c3a1a1365741bba,0.0036167165197078356
ck_615277c8a4e2b18b,0.0078852579651297432
ck_a96aaef34173aee6,0.22887921602879174
ck_bea56db7f3e930e8,0.0043884695941079832
ck_ca491debd3b32a59,0.013543567866601922
ck_d9ea77f4114a389c,0.001302853049722847
ck_322ffda3332d08a2,0.041665133013952527
ck_c40ffefe4e30b001,0.17694580688611136
ck_3b1d7648d4580bef,0.0022817735391394991
ck_23981a3261674131,0.022802245557222045
ck_11667f5b9fac7bc7,0.0010195628382351023
ck_646bb3c7be5f0817,0.014552519350930855
ck_ebd0a45712dcf07a,0.020480347351101515
ck_baf43bf1bd963f9f,0.037791235818045887
ck_e0ca2c819658f6b6,0.99752936707673379
ck_f0d6633d0834fff5,0.071696433376786481
ck_91081be0254878a5,0.010288725549533459
ck_1325000bc7f35b5e,0.0013566021651094844
ck_c624b9063400fa3a,0.15162252950225019
ck_0ad6fa0e23c3bd0a,0.29556274024906032
ck_6ddb55b1f23c6cb1,0.0025439504922162995
ck_dce1fb3acd65562f,0.0017827284350732239
ck_a9aa389688ee5aea,0.010448094195714559
ck_5c5284c45d9ad8bf,0.11125486275734525
ck_9ce743dd3e92549c,0.15909630291919463
ck_8342e08cc2f9bcb7,0.0070798552267031696
ck_25e551a0a8d2fcc2,0.1763618698056712
ck_d4fd0e438c97e0c7,0.33502831008371159
ck_ac7fe1c344190c50,0.023734915774350419
ck_ddd65711b5651f89,0.00082010378182164993
ck_ec7406cb5cbc8f10,0.013451003886906999
ck_1c65e8d5be3b9c60,0.45868617847230775
ck_38ee42f15a573e81,0.0098954617832231265
ck_0e5385c70c6de025,0.0087183802793459417
ck_d3137f0f7629040b,0.0065823382663039443
ck_9129c92c12e0c8b4,0.0017786106176766491
ck_c86520a00e50a926,0.026837915802565514
ck_87f82b2b5fee757a,0.018890472487143768
ck_643abfbd7548d0c9,0.079458758142383651
ck_be51f4e5e6b85768,0.10626920573463419
ck_132c16312f37810f,0.013698463735315514
ck_c78c096ca8cb33ac,0.0024099958628275029
ck_2ce5afbc014763b8,0.15056081670263266
ck_50ed8f4e7ae6710f,0.015930879436963415
ck_5a4eb535c9a11993,0.029455262608903337
ck_9b665ef46d785324,0.0040292736953874194
ck_e066f71f8b296b7a,0.011070528921254938
ck_560bc6017870ab06,0.0018995867369581481
ck_fd78f8a8663646d7,0.0050115896977314294
ck_4af5ec61ddbde1a4,0.011474077873154036
ck_c2ed04a9d218410b,0.0024762117454314968
ck_2455d43bbdd2bb69,0.0098507419794760936
ck_56eed7041add49a1,0.78025749195279626
ck_5f0be7b468a72333,0.0053513135798368824
ck_19660cec756632ca,0.0094913484130724323
ck_fb90408f4892a21f,0.033055682304991799
ck_833a65b86a5d9bda,0.00058592100114130893
ck_2ac36e1dff211d38,0.017530588445360776
ck_c00e70606904539a,0.0035971081673895422
ck_ba8affe4b9505a95,0.85818436572759205
ck_0c3dd22587b08018,0.10946204898192458
ck_618c4e5cfae99dcd,0.11611527978530017
ck_c9690baddfc4177e,0.00087252628350064905
ck_59fae092fb0c4aa3,0.039775304658778474
ck_e03b7d0fa0b28f4b,0.0079578984927897618
ck_d451d24c780b5884,0.0033730557947598294
ck_e980d325b8dbb8dd,0.00070104064716156782
ck_cff18e2d8c520272,0.0045769955666803011
ck_a0e46b67e986ab56,0.093431410006691071
ck_3a469039a5b9d963,0.0068768902599746686
ck_12cbb211ebd2b437,0.16428863029248078
ck_b8cdd6d6dccc4554,0.0030545161256671093
ck_794ba5921cef50c9,0.16358064746246836
ck_2c7667f64edec2b5,0.014595363945626175
ck_7262b4e0c29c942d,0.0084842535008193398
ck_5d818522cbfe2a54,0.087748454562067368
ck_de39c1947fb675ee,0.035916541568298502
ck_c021495606b4735e,0.007051778535698076
ck_1fc03ba33edd9e67,0.084897303890299577
ck_a6fe344bbf67f14b,0.032945517809729603
ck_963762210edc5694,0.12971088957015037
ck_d064428b7e7dc409,0.015629245548989885
ck_59be61b53d971611,0.014636782009398022
ck_ec8738ec663cd2eb,0.021017650837119727
ck_59d086fab5998646,0.0096869553997712514
ck_bd32dd3b2cbb7888,0.99934830478321701
ck_ce0166addb93bbad,0.0025981147880100339
ck_7c0fdfbb447cdc04,0.052873641787916786
ck_cb1bd7635968ed8c,0.2831324528506573
ck_66f94903177f20eb,0.0081954184163186544
ck_1d7cd5dcbcdafd7b,0.24079906114108152
ck_5e418a7c04437b4a,0.12886324544755826
ck_631ea1ae91ab333e,0.019718688632007094
ck_0a8029e79a5ae7ce,0.039208905686922917
ck_c4cca8278bdad9b9,0.001885356690122002
ck_4dec3df58077a257,0.040205116372058675
ck_609c249edd88c565,0.026633281961689105
ck_02e5f9cbbbf2f078,0.027660639427017047
ck_32e486859130458f,0.83913687624913147
ck_21ed2ea6386c5a07,0.0014758012561213475
ck_1242aa4496576a99,0.015141720247140916
ck_475ea9aa6d3898b7,0.084860473785565244
ck_fe1b1adae3be70a6,0.86896872457320207
ck_c5414d7a8031d4f5,0.01298590251813414
ck_ca1f6f01868e978f,0.022674527178563782
ck_5eff0208c74ec714,0.031344885903927165
ck_a315c9619a317609,0.029799934394672517
ck_2b87683c90acb852,0.063981125203664752
ck_7cd9f39c50748ed0,0.0043009449064730166
ck_16a06d58d71935bc,0.15404097761489796
ck_d116e0e7c19b878e,0.82869060119560878
ck_931510e384b1d0cb,0.0024037971366612388
ck_e7651fb87bb24132,0.0032003582432148106
ck_88ef9f85948e1a01,0.0036986721407618935
ck_17bf38d51115a8f3,0.0020650805856723886
ck_2659d1d3762a2825,0.025572756124222225
ck_a7285955e2852686,0.033192852905249454
ck_f2c33d5b65b321db,0.03605595831681821
ck_83e5979334345622,0.022574323369898133
ck_629537d8b4d0f395,0.022296757616762801
ck_72022008a92c9386,0.18723578468679355
ck_2973b8274f0bf69b,0.021733121265177586
ck_565e3418d2f4061c,0.021158193478735716
ck_54bb53b8f8ea32ae,0.99934474498138193
ck_af0a6540ea7a36b2,0.0020216234069705859
ck_888651bfc2c8cf70,0.014202916079281008
ck_1dedcb48ac381a1c,0.39488410312852318
ck_f73273e220296be8,0.063151577779189422
ck_8424bf65223a5a9e,0.011542917205889063
ck_337b930fd149a696,0.0074775161505231382
ck_8a4952de8a123ef8,0.0014522564888798668
ck_884168153c9c0c81,0.0058333731233683643
ck_fdda581aec411010,0.0014832517655127859
ck_2b7cadbc8b180d32,0.90334068824197988
ck_8aa8b9968233a1ab,0.0197025277357901
ck_0af18b3ce015d294,0.00588212620987804
ck_8dde670a735d1e90,0.15046223566625549
ck_62f46226f244139f,0.070742314574465268
ck_f948e8a8fdd79b4e,0.028880700934349204
ck_fa00aa0f3e859904,0.059105108580993347
ck_fc7935f784a4f249,0.010537270524973833
ck_e7501307c0698e5b,0.02632718059886107
ck_549ed417f2834cee,0.096995902615347684
ck_fb2a35571ec719d4,0.40240373460890033
ck_25822068c86c856f,0.0014404000638805346
ck_8f35d229b62c8f23,0.011387393439525573
ck_bdcf049c1e7d0c95,0.013551509145804217
ck_0aa9db36eb16422a,0.0010158921496492249
ck_42dcf92e9e016922,0.1509793826398613
ck_42341cf31c08c981,0.029576567541397328
ck_0b20bfc515ba42a2,0.022709287471066084
ck_0ec820b670d48098,0.0017196138302862948
ck_1f0bafec397da8e4,0.011567164417103887
ck_82f07504ab59ed33,0.12571741779140366
ck_337b24a474010abb,0.99897925936200216
ck_703703bda38fdcf8,0.0061905946716583641
ck_01e7960c63dca3a4,0.99299306376592478
ck_be5bd81e3715cb8f,0.96260350703611008
ck_197f8058cea1fbea,0.001123047909864248
ck_eb3fb1106f2f1b21,0.086071803415117318
ck_658b4b54be09a4bc,0.99712415539563759
ck_266ce7ccf41ccc50,0.01039003679283579
ck_110608c3b03d4038,0.88377624943345356
ck_1be8cb95d6d9bbf8,0.001390396351624806
ck_8e16a64a776afa82,0.58343552395361387
ck_34bd190d37eda534,0.21044025097125382
ck_4f521611ae14ae66,0.0016482965367617809
ck_d839798f9520363e,0.10455048632168409
ck_d1bbfd246c0ac9d5,0.32886766952194774
ck_f19030e6e85a6776,0.26111781546170432
ck_cdabe60ab59f9d5a,0.0098697187454083526
ck_bb84b2b30293f566,0.78284706621972588
ck_427b91925952cb40,0.084443038503900003
ck_1078b1e155b5b640,0.0064160079788613406
ck_95fdc264eac72fa0,0.014277864706319431
ck_e35eb857c61548b2,0.77778885866193792
ck_69bd0b1abea7e1f0,0.62232289944358787
ck_59de511b20c842ba,0.069731674505131652
ck_168e7ea341a36b80,0.004296810012480526
ck_4937cfa6526ea138,0.011164269276511781
ck_bb1a981306b750ac,0.49302789846499573
ck_f42a43e4c3f34ccd,0.020466154157934839
ck_c7ae1d4b3ab38185,0.0098682043900173537
ck_bd23cf9bba1dd33f,0.039004454973822919
ck_0fd826fad7ec7cd6,0.077137335027547382
ck_f143641bf3dd0414,0.04576456455951658
ck_ad6d48c20a3688a7,0.001090947903457854
ck_7bda5b5b927b2905,0.077090968747571917
ck_a337eb38eefdcc88,0.18137807120504651
ck_403da2a2d800df9f,0.37584259959530719
ck_aa01d5aafde73d0a,0.0014190063798553846
ck_494954023f0eb309,0.08610650220666341
ck_1c6820fc38135ad9,0.027236397908376037
ck_0e0bab173622db9b,0.32535259512719428
ck_547090bf35a3b243,0.010499916271138075
ck_d69455220b21dc9b,0.0055634024278575752
ck_90b4ac695b9c6bf7,0.0080896459072706105
ck_8d2afe17c0082e6a,0.06741446688425827
ck_926b81c0ba528eee,0.0039135160394283067
ck_ce36b0c287bd198e,0.044899372603084735
ck_8026e017909aaa6c,0.0083874253669371079
ck_dfba788f35d4c372,0.022657612822290812
ck_f09f9d0e0886e0c6,0.012032846096340555
ck_4ffe0366df388604,0.013521769169404885
ck_75bb521de55644c7,0.010139866299496057
ck_81a960fddf79ecf1,0.98864189339738628
ck_8f43459991ea511f,0.0065710236413496301
ck_f878b68d66fbfd4b,0.0015520950153126863
ck_e84abfc0c747c9dd,0.98968146871494944
ck_3ad3fd3cceb56b66,0.99664012951019765
ck_7cf562578c7f158a,0.0031793683753076687
ck_f81a97d350397306,0.13758396329562095
ck_255d87b7fb40caa5,0.11904678442183962
ck_b3905153b9eee924,0.013699516638089722
ck_2c80a592fb4cd6a3,0.0039862662063252568
ck_57deb202d4188a29,0.0024133777837499763
ck_e3cb5f31d8e94448,0.9671111583173494
ck_0db62d5f7f75f80f,0.012357216042874869
ck_ced9163ea85589ea,0.14208650797806907
ck_e16528edc694fb33,0.98914615393415373
ck_78cc5ec4940fec3b,0.0066669650714957888
ck_31742076e9a998f8,0.027735179253878514
ck_5ac335f02280271e,0.065608266769714402
ck_7cc2e091806cfa5b,0.057204420016573686
ck_3152c7115257f084,0.013922692891389612
ck_ab1b9d019921bca7,0.026171971985783943
ck_c33a762d98f9b290,0.0045042045230809617
ck_b16a7c51b6f7a6b1,0.16706934041815505
ck_97402a153348e68f,0.0019516670459056376
ck_95391029a21caa24,0.05935311355280324
ck_c2015a1200971fe9,0.055104821095675244
ck_ed4427962c68918c,0.98892649351501083
ck_c5e4a17d3efb19a4,0.63100077285471501
ck_8aec3d3dd51517c2,0.0038984906301182073
ck_f5178a658225d8e4,0.0019805072514462547
ck_8594f165e95316d2,0.0028724270971782662
ck_f0c4aac04076a6dc,0.011325403448710277
ck_ac2f7397801036ef,0.025891056042742736
ck_d1ea4bcc407c7d5e,0.0058389073124427713
ck_cce8b6657a538fe0,0.030983058120827592
ck_66d0c6d6b67a8d58,0.0062818900465573032
ck_1a6b30320835e57e,0.024147506892101919
ck_8cd274cc85aa35d1,0.13329480860541448
ck_ada46085a78280e4,0.021258375208066851
ck_ce1b06623e4a815e,0.0044736682720912082
ck_45e70c8a9686580c,0.032066555756766105
ck_0084d8ab6b1044f3,0.0011246966657895011
ck_a5f7b6fed6df2aba,0.10276399610856179
ck_94940d783e7988e6,0.0056140116184760207
ck_00f9ca84d1d8ae7a,0.0046477475920675988
ck_0deb56f3f6452818,0.0085634350273695557
ck_a58e900469dfc3f0,0.0085027346991874853
ck_028c41b195280980,0.014390131011544403
ck_7661d7ceaeb19f97,0.032828903260039323
ck_6957905a65c47879,0.052416798651721552
ck_f7c6c26ef3c4ae06,0.035927867685027488
ck_8777beb11aabd66d,0.0089722458932172313
ck_7db098a17374bbf8,0.98964879182783494
ck_66aeb00e44486cda,0.35695668123459745
ck_838c52cc1d315ec3,0.017598342475460976
ck_1745847cd4e5dc83,0.132685374991241
ck_201687857ec8b3cc,0.03820293141664656
ck_81818169208a8cda,0.043808588121992467
ck_3303fd3f64632c7c,0.20023043069993551
ck_edf1096809e83ef8,0.0021731870150150908
ck_235ce9603c7dccbf,0.25379045382951748
ck_9df7e153868bca13,0.0082818224429709476
ck_3cfeade2cf270fee,0.010505193479035863
ck_982b0bf2e2b6c4f7,0.0017237170162470363
ck_faeb0da678bb86c0,0.0029289021423929262
ck_e86ad2fe815b6ed9,0.0051471399988508425
ck_70d69e5d1bb99e85,0.057489055227838738
ck_7e9a8924eab779e6,0.99484215722631197
ck_019d5891103e7da3,0.0283155223972913
ck_14f0484b3817eda5,0.063992776780062058
ck_85de63d278f0fbae,0.0013308925220405303
ck_ae91b4cff57fb3bf,0.027594662212372396
ck_2a6d43b9f883b78e,0.8452808067828137
ck_7a4e3d553e8ab5b7,0.35865205174428127
ck_fdf89dc69f700f84,0.64531463326144356
ck_f92e04024bf13558,0.0011149997036177808
ck_4a522ca2dc4831a0,0.00054399270002695728
ck_68ba25dc3385fea1,0.037220343232702985
ck_22128a4f0d033422,0.10513414379161813
ck_5b52ee0a13c71590,0.0022376452685736337
ck_59472d17debedafc,0.012822530753533864
ck_9dde2c63acda3ba3,0.0071925825250274619
ck_7510b1023cd08531,0.0078999496567083837
ck_071ddaaf2e4e3671,0.0081339657791609215
ck_1355db6f4010232a,0.046543539231238634
ck_0a7adc2f27f98510,0.12140244109593298
ck_68250033717cd59e,0.0020701316032571051
ck_7c12de74de30b788,0.7975723451052007
ck_65491367584c730c,0.025313591639897149
ck_e9047964952bee70,0.035787583372315454
ck_5567779d6ba184eb,0.037448323206622045
ck_d6ea026357ec6477,0.028746473531523126
ck_cd7dcc884e283746,0.03861754510443248
ck_0bd77fea8ed75a15,0.020960207821757136
ck_e80883208e8d0453,0.0091425509046785033
ck_2ad0ecbacd5acf8e,0.99301140612468997
ck_6c1dbee7e8fdd5c8,0.0015953529136646667
ck_ee4d9a7449515908,0.0011549408154755028
ck_636111f7f030496c,0.0090733767900171378
ck_2c629c657f73941f,0.018873282321427765
ck_c1c9d3842d758420,0.036960306426476172
ck_e4df7faacdfe8c40,0.019446610796143921
ck_94e8142728e44380,0.077547595620070936
ck_765aaf42c5088545,0.019426341220701304
ck_e0f845159b6e6a4a,0.015162934570014289
ck_5bc07deb82edbad7,0.0015773207724083444
ck_713159c5c6a7a4d0,0.9997142739766911
ck_b08afc91d9ca55db,0.026692793991910761
ck_a7bc323ffed2ea97,0.75443690753740889
ck_85ca825f905a34a1,0.072643225928783944
ck_33160c443d4b3f19,0.046640429914622639
ck_832d39c590a3ca75,0.96636123193053636
ck_7d1661a34164406e,0.99762134361305521
ck_c2466fc40fc9d5ed,0.99878431076117535
ck_ed0e776c0926ce67,0.19963625845638472
ck_cdd2ebeec75bfa69,0.45647587037822301
ck_d7877684c7923ec3,0.025330983115725611
ck_7384d4d2406aabf4,0.015537067231574098
ck_b8e5244e650aa81b,0.04464042211197583
ck_25a1ea40b2d59254,0.0014033922985923889
ck_b9e5b318ee4de68d,0.0037486018558861821
ck_620d7ae27af83cea,0.0071209635305879496
ck_40b4e264d1a12b83,0.97865997920946668
ck_b694c803b62862b3,0.0057875249973466519
ck_cbeca201dbade3e5,0.096239013415920255
ck_f9b439c9161c3e52,0.0017641107441031829
ck_9880410fcd10a28e,0.00069306335865195021
ck_74928f5f91aa12b2,0.26717931802885858
ck_b6673bbe61d2680d,0.040187218750175169
ck_53c8315b5c30acb4,0.0064921532531101106
ck_78f01d78ea79642f,0.017821755117856525
ck_8582490d6e365a63,0.069384043725275832
ck_af25c72d16299258,0.0022636922764303095
ck_7905fe8e257b0449,0.16325934711066187
ck_0d16d9349e4a9e08,0.014322776139591193
ck_31b16b8848584e98,0.045172837882977802
ck_67207e3eecc02d76,0.080960319534816083
ck_e6b95ff91116a592,0.0034303803805274761
ck_c08f622bcd6de6e7,0.16967365595475026
ck_f9a68da9e0f0bc85,0.0028286281853230366
ck_4072b59388976896,0.0071027520539719644
ck_8ec86e853ad52828,0.23321255131813595
ck_4fecb87eaffd5cb5,0.0078388497331627425
ck_d6880578428b965e,0.29093061374010115
ck_bfc82b3c1c9f2897,0.98001277802132214
ck_c340644176ca03e7,0.025947759101976595
ck_321e740066fb05c3,0.80116725954373869
ck_8929d2eb09872052,0.20215674660266375
ck_205c107cec528414,0.89894671300001328
ck_e76db7d2562f9836,0.057040390422929653
ck_9ede51c8434cff6e,0.038620831306296816
ck_492e4b89c61b7b6c,0.0083413088943651466
ck_9385f5a1eeebefcd,0.13432361182965691
ck_ee52c7bf88f952ab,0.021889450318652415
ck_d8116c34302021d7,0.0017443336910144024
ck_01645ea51972e99a,0.10158991853676924
ck_7b45ed23304a854b,0.020064648293566651
ck_2096d32f3d497ea1,0.12956360104858622
ck_dfbb2056f1ef7d3b,0.055291306855567837
ck_938ce30c864bc7df,0.00039507657314951099
ck_ff30dda2c881a4bd,0.73078364666388473
ck_f88c79186a082beb,0.017677525207078795
ck_08c7bb0f9851cb76,0.28698968329108793
ck_2675e7a008e584a7,0.14715203080592509
ck_cbaf8a954281d4e3,0.99637978957041073
ck_8b24eadf6c72b30c,0.87601400593164669
ck_ffc8e3c1377d0706,0.0074073847086985178
ck_5b59e859bed5b40e,0.017321890753947224
ck_7b61717f172f9317,0.99406777229607957
ck_e5c30947b732f661,0.27513610727855409
ck_bc273f3ce79f7e1a,0.0028419732328137898
ck_f69e93388b3028cb,0.19245141339136521
ck_3837ad850996ba60,0.0099113566041221443
ck_36d78ff3bc033ee5,0.0076482045764565704
ck_5e20953547ba4135,0.33111638402029397
ck_258d661e450ac870,0.012946285065370889
ck_1df66f537496ca59,0.10230167548707925
ck_361f535599110201,0.0078868637829174939
ck_337e98c69f6e7886,0.017967591447868202
ck_d3d5b2717cfc3913,0.06035670790419697
ck_b1dba768dbe7affe,0.078861183777370863
ck_92d782bd9ce0d1e3,0.017636825533409659
ck_26bd0f8898afc8ba,0.0027951350555171662
ck_7916e53daab36745,0.23515269951463053
ck_2caf553b31831a50,0.0068742006585181649
ck_c6200734c7f9b2f9,0.99272849808775476
ck_cdc55623cb16e6a9,0.0027593546026099367
ck_57849e15b61c43b4,0.012401742418372172
ck_b7af9b2ee0eebbc6,0.052821814138217432
ck_00aa5fc3b3bc66aa,0.14089725652628027
ck_9929723f65636c7f,0.99837919548650245
ck_8f6cce9f69912983,0.036062953631096906
ck_c422ba389ff00781,0.0013716742235405678
ck_9ec7f334604a228f,0.014898322065540428
ck_5d01200ba3341462,0.007135876598910804
ck_2bf10be403849c9a,0.010659001481888138
ck_6ca018259f70858f,0.016369091789515858
ck_a54dc042ebb7c766,0.69594139060365789
ck_79da63fc100830b5,0.023269228249963005
ck_67ab6f9e05c85085,0.01882635236604626
ck_fa80da579ea9afc0,0.013018020225844047
ck_4339f86c87289222,0.91209824609513734
ck_a2299b4f530be0d6,0.62917321603166454
ck_19db0bf788697c2b,0.012208264900638935
ck_fa4211c4d826d830,0.00066185359057900639
ck_96100d5e8e051e91,0.01396562052249041
ck_5c3a671883d58b3f,0.00028790948263861845
ck_2d9524787cfe1ab3,0.71385261741388728
ck_47ab8e51e5b3a2d8,0.0070639752373608125
ck_c924f36bc1bbbaa3,0.0096155922996804862
ck_5c58e7f8fd55e26c,0.00049709116512901155
ck_a07e7409d6d5aa06,0.01853675687377522
ck_c8413898f5f7cb7d,0.10463249636506236
ck_577c816b41cab002,0.89187899893548961
ck_9f7807ed64cdb728,0.069813513472008953
ck_495d814d6d6d521e,0.0029526044557862895
ck_7aa8bc018c2b003b,0.0029109560904380725
ck_7c3a6a82f3c3241d,0.0055763492325173669
ck_487f7fbc290e4ae2,0.021781856861371726
ck_e556c4d36aadbe03,0.003169482137848084
ck_7e6569a1b2455cb0,0.0029547620127017438
ck_de2924955926d046,0.02093755328162707
ck_73d60b4630e3937a,0.0064338982149784261
ck_805ee564bd35ef15,0.086382541703276111
ck_0d40961e47797027,0.0048446818504075014
ck_f06d00a4f9c87d80,0.0022484556668275471
ck_5ef50fb07b6737d5,0.041502083155534955
ck_16541fc15683e21c,0.014314719569738545
ck_09fd43f1b7e2eca2,0.0014508430349667594
ck_2a2c336a69b8d68d,0.38514288734557722
ck_2685f38930866af0,0.0674658557068398
ck_298278a9da874437,0.0064196176150673597
ck_00bd7803f2530c68,0.043366114836803096
ck_c2b4a1d8c0b6c1cd,0.00037770479559834282
ck_2acb54ca20c3af6c,0.041549540399573266
ck_e3d4b6f681c783ab,0.028103399723851178
ck_f90293f1eba5d7b6,0.06039991478609659
ck_e69d27e8965df0be,0.0013130623412718706
ck_b7f5d10b427346ad,0.0097326844118751105
ck_1ce20e4223a936b1,0.025846082259834625
ck_6b97d1ab90f6bdeb,0.02332386016595947
ck_e30e17db5473c7b2,0.001961318887313798
ck_154c8efb19dee665,0.0084203247843872685
ck_6f5bb0c930644cae,0.99961698119452325
ck_9e17699baa83d173,0.001957483776883249
ck_9693b1eb70880205,0.015515764415374103
ck_1e97899875bb427b,0.0094498722261047025
ck_558a82590f65df69,0.0012843706910727322
ck_18df83242ff3cdbb,0.16105640885996986
ck_80ad4396e1084c68,0.08231899130270473
ck_0a993bc947bab61f,0.14550192996162434
ck_5c2d43ff841632f9,0.0028613506749969805
ck_6e4b99fb9725d9fa,0.028515823035085104
ck_e0983999ca26c19e,0.042285709581876663
ck_6573c4947cc8607e,0.13101622179551803
ck_d879d645d6e44207,0.0090753832582903555
ck_1375ad9f10688e4a,0.0029480978417222837
ck_7501ebbf4e21f160,0.0065682653502066174
ck_ca60d61cd4dc3bea,0.0020878388172828701
ck_ab9ea095a5c58b4b,0.012702488706280563
ck_23756522b58df5d8,0.00055525210881339276
ck_90bc176c43d85fd5,0.3237708284122009
ck_908b663b2dda94ad,0.043601016163364897
ck_4df2fb8e4b649e27,0.006448686269894725
ck_5615c6bbdef05291,0.32856784383462423
ck_b62f3e3185251f71,0.00083347981934648587
ck_38d1a22850178f33,0.0053778189100462861
ck_5b3ba20c8bb1383b,0.014680655301539842
ck_5576ffc6aaf6f22c,0.0004471214527004774
ck_cf7a022178165e56,0.0099893560289117007
ck_f2c7a4c50e2ede96,0.026310400246847804
ck_285719c77eadf915,0.00061367403339291705
ck_f2aa1b677619ab19,0.01007281460997443
ck_3830c58d841e9e69,0.92702156471587172
ck_32eba3510c8eac5e,0.019369825394686742
ck_8955d7b9030d5eb5,0.011805901385614709
ck_6775e387dace7525,0.074969722841810971
ck_0a0cd7f4be606a93,0.12339180990695639
ck_a9f700eee5d638df,0.012529767942771336
ck_3d7db96995745472,0.035174802241618591
ck_aeed557007d52e9c,0.00021230060845275388
ck_79b6a86830156b5a,0.036904530677038444
ck_6a1ff9d69466181c,0.99949463802776539
ck_f11b1565f986f5e3,0.044050508581227457
ck_4819327a78615485,0.0021168072798094274
ck_3ed9e081959b2f5c,0.0046746108109646618
ck_16af4be191c47d3d,0.00056793354059960291
ck_25122cc0e8b1a662,0.36332339732835195
ck_509c22828d467ba3,0.039143563617838245
ck_31109c899336348d,0.16053400328837825
ck_c51131e53baa59c7,0.0017095337485403103
ck_cf8ecabbc61d3e11,0.011311065455674785
ck_eb6baff0f85ba936,0.03210759086116715
ck_777669e2243204f2,0.98028732983254674
ck_ac0ea27e692acdc9,0.029269775471423985
ck_4c6ea04ce8ca9e2c,0.0065207150358677617
ck_ca54b32fca7e94cd,0.0054699262817781268
ck_4dfd8947f540eb24,0.01612780939210786
ck_95aff1fe27fb24bb,0.059799498154212524
ck_c7550723b90e5615,0.0021605336379937517
ck_57b3fee69bdf85e8,0.002958496640786872
ck_f823407ace7ff064,0.051084696237910385
ck_a69084a068bcc8aa,0.072532869824854906
ck_c7b17f7b24bef5d7,0.067937183304864826
ck_7c4e588f927c27c8,0.025075803798599649
ck_77fdac602d0c6f95,0.2350306958920077
ck_e963d8525018d072,0.040705171098228896
ck_6e8ebaea8f7bffaf,0.00099688099116022021
ck_aa42976a31cb7770,0.0010024876996544763
ck_22c862a496008c96,0.99982077102061617
ck_527550dd15f38782,0.079601582736305909
ck_b3ab3c210e2c7c19,0.029871534721448809
ck_ed9c56fdb9f45ddc,0.67452776575911833
ck_b53281da70defcfa,0.021052806252324165
ck_03009b721568ee98,0.072165987212196081
ck_3d9afd862b3f4053,0.78926195987469605
ck_ad3c4be96599554a,0.0093768088101849299
ck_d1c787c27d50af49,0.054028834721514374
ck_c7a9c7b2eef46a99,0.015378737295480872
ck_53036d3c6c74446c,0.75177451963079767
ck_1b1efbd9c0964c8d,0.03798203724106558
ck_d66f42a269d5c1ed,0.028067563899064459
ck_fefc49a2b8ad993e,0.008150917527481271
ck_8b3b874249adece9,0.027562332779537999
ck_193d9c87ad3f1dad,0.00063068637874677872
ck_0c6a50d747593b7b,0.014504512180584227
ck_c830f3830875b47a,0.040176830178365319
ck_79e202f06d8dfe42,0.093330067931187671
ck_5c0fe988b8aa7fcb,0.33945436896218567
ck_a8382d8345f21e1e,0.00073287669980283865
ck_8cb20053914692d0,0.23707701899107891
ck_1da2f69023ca4c13,0.0011777685222038904
ck_38abb60995114f8f,0.064062425848327692
ck_f5791fd8fd8fd191,0.016507341953583055
ck_a4e6fc391b674335,0.93687480255580291
ck_bd771efb4a7e15d0,0.0044656425690338258
ck_38ba4a6b6a292054,0.081467026104310114
ck_f7a07283345a0dce,0.0060710358004022243
ck_87dc484baaf5a23a,0.00091382750230280881
ck_c84ef83489badbfd,0.053753405943702495
ck_a397cd64ec5d644b,0.023824174633430339
ck_7977135c2ff61e92,0.011907875731192182
ck_52174855b243a8b0,0.096504646987961462
ck_0f35e930d0614613,0.99642248287911572
ck_b170a7db522a0d6f,0.073494021982659447
ck_7af748a23775bd54,0.034339539148332723
ck_52f641c9ee6fda70,0.0070567743787731873
ck_c3719a30414bbb4d,0.0075374203797370374
ck_2baf214ad6bc0dbf,0.12761660683667864
ck_8b39d8aacfdd72b4,0.012895296726179398
ck_d39b0152116203be,0.017456449208983243
ck_ed33f8a937f9c7c8,0.022943205364953222
ck_8ef97b55a5fd6ec9,0.0012999084478944874
ck_8247f008a14bd1a2,0.0074985101556739172
ck_f0d349d68249d5db,0.0081528337091326172
ck_a544e766540861fc,0.034401222992464425
ck_9dfaca4c7c80b10d,0.18381531800601647
ck_7e5401c362b2216a,0.0023832755293189804
ck_64ff60c073fdb6db,0.041766576539262912
ck_fc5ea49518e5d637,0.0031948323256082386
ck_580f136ced341298,0.0049410722422555684
ck_9cbef9bc95449dca,0.011141353795119893
ck_e475a3b8ba870a7e,0.0089949812170602265
ck_97e94708bcf43563,0.0073565885494968619
ck_13f03ec785cbdae1,0.0008796354227416425
ck_152820d8817f478c,0.010691582935802933
ck_d20d4ba60eec9945,0.039619011639961954
ck_5c45968a805132e0,0.07433292396002579
ck_bebea2cf3063fb24,0.028079364040138246
ck_c3c69aefe7ea1d2f,0.014187222237024788
ck_02028b72f26fe855,0.0091565379240038328
ck_dfadff70a58a9133,0.0059325538471509745
ck_6482ed4491bedcaf,0.0057752501502048919
ck_754cd7b4a5ae3f94,0.042158804464453706
ck_3132857aec8485bc,0.00055139423520551931
ck_7ce4ca91b8f9f1c1,0.041917950140555958
ck_41938582f4351772,0.043078634608368728
ck_f87d66946252476c,0.35698633843299926
ck_8053f1879a9b4e43,0.005736970001041071
ck_93892e91387f5103,0.069453292436291364
ck_15254db133b28371,0.085001472416333657
ck_d557b9feb241b3ec,0.00060325583196662019
ck_71c3a8e4c12c989f,0.00637846356685006
ck_80e3041811033443,0.13116192317007097
ck_3380d60067b4634b,0.0024703199364276528
ck_a9c2cdc758df8510,0.090096026331500698
ck_3c0031d7514da17b,0.049737273694085829
ck_18d214b1418be39d,0.008231288492960084
ck_7ce768407fd48321,0.072568250331568523
ck_7a50abd42298133b,0.0083639755799687337
ck_2db10f987d137582,0.098529648433175132
ck_e077d004cd1d80ae,0.0089722937467308674
ck_1cb6dc67f9a321b5,0.011803030512073055
ck_b864f64101149c35,0.58402602094061407
ck_9bedf54df9418e4a,0.0052012638040562749
ck_c47e32c47f0e6578,0.73035479116760738
ck_71f382d5e338daa3,0.0055701478443708121
ck_14b4bf7be6ac2b61,0.079956092447952778
ck_5c87eea1cc07cc92,0.16803201914135998
ck_5f445182829ef342,0.065272055019655773
ck_a5d7311291caaa54,0.006145592952607663
ck_b7df99aecef385e6,0.23199418314341078
ck_3327a0582407068b,0.055152216413762917
ck_08dba09fd7dab896,0.043265289321483665
ck_f4ec334be5266378,0.0063123919249467456
ck_240f7f894c5a86e7,0.013099809390756135
ck_a9d994554fc14a02,3.612846480700612e-05
ck_13648cbd306eee6d,0.0095705237604839892
ck_601edf9105b3c321,0.99446111506241475
ck_9527adac182abe57,0.63986701135886581
ck_4e0e80f5cc271bf7,0.0041205086414861439
ck_96a89e720176b389,0.17053976283457561
ck_63560eec94b76d2f,0.024512972502913753
ck_c9c99e5b19aeced8,0.00089345175935055625
ck_bc32655ee5ed643e,0.043267688193613679
ck_edccb5a93b741744,0.0094627358923783187
ck_f786cbc987b70930,0.0025111601434832658
ck_0e8f26536ccc8947,0.11638317498547804
ck_b87ef4b98cfcec4c,0.034374682412851285
ck_1a9235812de4b2c1,0.13082992632734991
ck_d1ed88ea4211ba4d,0.012973779042547517
ck_a4ddac49657a4450,0.03809931480335553
ck_d9ffca35188e49d8,0.043494477326889353
ck_3db73bbe03c3d240,0.001730041282358446
ck_fffa0622344a36ab,0.0014717437118735902
ck_148c28df51bba5e9,0.97042260008387338
ck_076cbc25c8f15fc3,0.99480184938590477
ck_e5ca550b39ed45bf,0.45500968712410272
ck_8dacf3a2061ca17d,0.030517252186959345
ck_2d7394afd61643d0,0.01715894206540378
ck_e42206e91f6a1752,0.00070697672633782268
ck_2f4f94827984c426,0.0015440252488708268
ck_edfe8e90e8f4366e,0.001692620195622612
ck_646b15f753e5e9c6,0.12524394021253699
ck_66600620149c8799,0.0090525900265492169
ck_4ff6fc70bccfba96,0.76185561708457494
ck_41af3729590c2484,0.0069724998531903544
ck_920a48ba8c583e96,0.0013145557717924026
ck_0253b3e7be021306,0.0010227553617791858
ck_2ae6949246ea2648,0.014670104379526001
ck_db23a5100f338d72,0.021126630868358351
ck_fcb2a559474c3493,0.0078508904701945631
ck_0a4d7acd2a53cbbd,0.027090906102261638
ck_c5d62b2b7a6f3bac,0.9903538524272576
ck_cf59f4fc0ea690b2,0.015211222572136741
ck_837be8126bb19250,0.00047638970095922406
ck_58955542edee1adc,0.0067933828282726039
ck_1b93381d8eea58d1,0.012714615093571316
ck_97b8e05d62abdc14,0.042890881016357546
ck_71a0d645744302a3,0.010884755812250506
ck_a7b57882ab66b111,0.0014629075034682123
ck_65f76421be648549,0.0051054585082168794
ck_b53ea8713d32ca7c,0.067650151341402676
ck_991c4c924a1d85ff,0.93684497351314433
ck_8432ccec1a4ec7fd,0.99928997160620703
ck_64c1633297f43788,0.0048705756897996413
ck_4291fd9c1161d8e1,0.081500732017337943
ck_5e98ed6391d9f429,0.12996945227743134
ck_c7baebe4549fdbb4,0.11980064515223363
ck_6e67225ba59fa5ae,0.058630247092281131
ck_719602def4d35fe0,0.056339404283088007
ck_bdee7c86f5ebe81f,0.067801452729259706
ck_8de38f8c7f91961f,0.08272925377814358
ck_b0b5bf9254700402,0.059157909917789027
ck_7b55d9bb1a250d4f,0.058886933000017627
ck_3954b7b0fd1d6614,0.00017927794776283467
ck_f29471fe7c818d6a,0.0035138772390934853
ck_9e65a8a2f587691a,0.017435368179655342
ck_eaec5f1a83b66eb0,0.085922748189121032
ck_004fe0daecbe2c1a,0.017411330102762641
ck_d17653a4a2d4a79e,0.14649484380676872
ck_0dd417fcbf19e424,0.042830831333945649
ck_4c99a6eadea143e2,0.20392065412716395
ck_74d602c907ee9119,0.0013288784688078651
ck_1aa87cb62acc0ac6,0.014754940923021773
ck_094974d75e29fb2f,0.19242565728236696
ck_5ef935ac3d4d3332,0.032707611347875559
ck_b26e4ae47c9107ed,0.41750005873765628
ck_396cea6f95186ad2,0.071263380753438382
ck_48446a9e8184c7d4,0.002788338704658457
ck_31e1ede23247d56b,0.10665172390512384
ck_7afefa349b960a3e,0.020729586869036528
ck_f5e02a3432571b20,0.15271722626988238
ck_64eefec062592c43,0.014295716303117691
ck_a1201284122c141f,0.062292714429563689
ck_1b34c420a4c85a95,0.0076694570743267593
ck_d637a011332ba67a,0.0080416370458197637
ck_99c0004d8b7079f8,0.022132396997062827
ck_948517bad569b40f,0.14124434336873828
ck_a28d6b1601b472a6,0.055995069937511729
ck_a0b4209feb31f5c0,0.99966287993082747
ck_d6d2c1f6dfc455b6,0.66671522912574988
ck_3f9e6d356d3dd3cf,0.00091463131546371597
ck_d08e00c842b75176,0.0089974778225259244
ck_bfdd232a7c5f2660,0.070129229612200666
ck_2cdad03ed069438c,0.033418401289047182
ck_42317c3eabd0a285,0.74169503520466673
ck_3eb73e56751c704d,0.03344370472212662
ck_ef33c04f4c9e3758,0.06980247357120592
ck_1dc23dc870f1773d,0.033310904224761441
ck_76091f357974a152,0.021993110857314483
ck_4d9eb75e8eee90fd,0.063883731294177543
ck_578f67e69e5d2cfd,0.0042664051435896593
ck_3a8ce1cc724229b8,0.00026396888268199109
ck_a96887f841e80fc1,0.053135670202880049
ck_d2d4a8f4a9f2c33f,0.0043316937684963032
ck_11f85bc705dbe036,0.035430108484405275
ck_7429b3f87528e335,0.0073856821035959783
ck_26df74feac7ec51d,0.018440326977004966
ck_c78b2638fadd91ab,0.057254126613800201
ck_7eaad325abe3b50c,0.014990056552510638
ck_fd44e34af620e606,0.06659614783253133
ck_f99738dff854e25f,0.00088732700686944103
ck_1ffbce3a239bb264,0.0048185637420891901
ck_96c7d52ba0a766ef,0.13995885398640992
ck_cb1c00c300af3f9e,0.042136160812737515
ck_ec3d12848ced99f2,0.029668238180433522
ck_26cfd7c3c6c7bf69,0.0064569431485793681
ck_7ae86b5a885affc3,0.022810580381089279
ck_3edaa94d28cd48ea,0.0063336637762736216
ck_3209c530c9812e39,0.0057750674101634588
ck_ea62ebfc1f04b49a,0.0021871374484616467
ck_5fc90b4668ea81bf,0.031890219608171379
ck_95654593cdebd141,0.0019894505959334591
ck_958c0bd61820147f,0.087953183548363484
ck_8440ef1386c07194,0.0070444429816554771
ck_8cd1b68dd74b1375,0.4859623249762729
ck_c9eb4df91ff07f2c,0.023299986093291029
ck_c29489366c01fe65,0.9723125947705602
ck_c965fd6bec0f0ecd,0.056837926048958098
ck_84c402b23766e1f2,0.069087737045605849
ck_181f3dae03b87136,0.11297611192131915
ck_022a8ae79eb28cf6,0.96678835225110615
ck_469c17407d17b706,0.12243752993206361
ck_1fcc5843f39148a9,0.0072597457624974894
ck_5debd55f361b2ddf,0.0095322681263648838
ck_28cb9b03e89263f1,0.00071346305104613575
ck_f067470743d3c7a2,0.048429076226614916
ck_d5d225ce41a1a762,0.021262574099192508
ck_15b4840922195ffd,0.0073091078239978877
ck_6bcfa37c717f19f1,0.024344204570737368
ck_8d501a0386c66be8,0.27052702296800363
ck_1a9d6190c57ea7e2,0.85572638847789717
ck_c49832eabdac5bb7,0.00050042682671238941
ck_b4331140b2e0d4aa,0.013188108736913673
ck_5efbea1befdefe1b,0.61814580096402771
ck_72ff52c4824072ce,0.06097922162483102
ck_ec3715add8bbb6e9,0.00093383680415157243
ck_9822f8ed05335741,0.037868210695859078
ck_c3d7d3d12a1981a3,0.0091142338327024307
ck_a115a7919ac5875a,0.18774413298970288
ck_4dd4ed23e0b927b7,0.51240183098841241
ck_4c76efcc1ee6762d,0.063133511718977298
ck_3ad6e7bf452c9b21,0.021108622445081091
ck_dcbab304b55a42c7,0.010455961409566677
ck_24b53090faf722cf,0.0052626376343149804
ck_187317383400491d,0.026984884272933891
ck_e07fd57565c94c28,0.1141748479657745
ck_740e760fdcd27835,0.0033429874118625661
ck_d3796aebda1cfed5,0.97595448499913084
ck_e541967c681cb929,0.18078670816325088
ck_431118050b834dcb,0.00042262628981208183
ck_90f3655f0c8a0074,0.00037223559029740531
ck_13cd943777651aac,0.015150694682769628
ck_66accecabf3901c0,0.04340962918096139
ck_937f0da2306b2eb9,0.0098391322940404955
ck_105b0c93573fd5b7,0.96854585711530994
ck_00480407160e0743,0.0077997178946060154
ck_e032068be7b77d15,0.019489987338532168
ck_991b7dfd69098320,0.0016742668630377387
ck_37d47cf0f34574a2,0.0014131473916159023
ck_011551a596544f5d,0.0048293581113117018
ck_9acd98f4fe2d474e,0.20961914841685891
ck_7c88d3d377bb61bb,0.070285418695703483
ck_e2374c7136c964fd,0.17608232276697319
ck_2fa8f2577116e9ca,0.057058219454654932
ck_d07c5b0321c685ea,0.49298612400298952
ck_bc736114a31088a7,0.020871241171268987
ck_32bb42f9bff197f8,0.018783151514982933
ck_66267bbad1f1415f,0.99656537730670003
ck_19988702ccd79201,0.028977990373096771
ck_f473a03fbcdbc4b0,0.0060544874695474434
ck_e3f1d85fa5d49396,0.0041402027591140363
ck_c4402ea6291df271,0.050716375541172191
ck_243bd5ca8c4ae5d0,0.0030525177224513334
ck_f271e855925e8d6b,0.413277776818188
ck_e424148c6f2223df,0.0032708316377773293
ck_e4d0a9e1102a58b5,0.0023340833090337654
ck_91c2a5fe69b9b1d1,0.020966700030771102
ck_5fd8924732fe403e,0.61993427973359883
ck_9a881d5433126ada,0.007872428370052845
ck_73cab88b29c7845d,0.13713257966951822
ck_5b5dea6476d4e182,0.071146494820552991
ck_ccccb17d2ca6ce94,0.077812436182294317
ck_cd1dc68e441222b1,0.98084978723653904
ck_8312c49b1431a406,0.047377671411073269
ck_25fea39897f2a559,0.0082608196501671588
ck_f56200205280bddf,0.049927524894902743
ck_7336611650dcc088,0.0032820766575846379
ck_590716322ff147ae,0.055332875269226887
ck_c82364d87875a1a1,0.062030606553604567
ck_fa4b60387d744fc5,0.0028897656014220405
ck_d841eba8906e9a15,0.0011774076076113593
ck_d6df562a79b9d0d9,0.024802582354634096
ck_59a14d2564193101,0.0019007861566885816
ck_8530158e3d7f59e7,0.0022898532776580724
ck_ac68d707006c12a8,0.051716307581513854
ck_976fac1bb3dd8c58,0.082131773826210827
ck_f854fba8f4adae3d,0.1968679774733687
ck_b98e9c3ec6e7d1e7,0.010383070389760551
ck_803c0b4cf9d4bc1d,0.041252065220555412
ck_76997a33c3ea5107,0.00031007976054002765
ck_f1a9d832b700bda1,0.99502874668908259
ck_2bd96ddb8c323d63,0.99504325998921961
ck_9e5b7acf51b1b743,0.072650708737424644
ck_09169f22194fd6aa,0.020766173657275382
ck_6d69e092f9b0848b,0.017135504149123237
ck_9f83fa5a2d3b9049,0.010543135956621617
ck_57bbb19eecb4b87c,0.0053728596647426323
ck_e0e9cfabb979f428,0.0044538728581253288
ck_b1ff9edc51d42f97,0.0019525501256594004
ck_4682fad271d47eb0,0.99366135165055969
ck_ab33fb754c818ae3,0.10078771692988478
ck_b456f62b80e21557,0.0003469805425233002
ck_16340be3f2a7fffd,0.002784506687842866
ck_ce66831f6611014c,0.010501786159148258
ck_4610a073bb54d1b1,0.021379990600559097
ck_fd038a7d33a9d6e5,0.012515634775340661
ck_c8198cb4c461304f,0.008743220569181049
ck_1e7de58822000dea,0.0019545468597783203
ck_b2a79dd3df560f14,0.13187063865362911
ck_74a06f347b32347f,0.023068382929084533
ck_c6fdb2972417c9bd,0.024417179325252468
ck_d7607a213b800bfb,0.097004963505700537
ck_df65967b8b40319c,0.0015359523298449902
ck_329a73dbd585ee09,0.024601367490297451
ck_74991a9e85c3b07d,0.011973772669139807
ck_bb76609b79e0bc9f,0.0072490855101791304
ck_f7fc1bd0b9ab1fa4,0.029132021234773507
ck_d111c98b36bdb791,0.0033643647486565854
ck_f07e27d125497b66,0.021595572040646768
ck_093e3a7134e11d6b,0.018371967505612558
ck_862c7953bdea48b0,0.010770310923079982
ck_392cf2cdd515c34d,0.0024005545791378298
ck_80eb91b0b4001084,0.074890887694739686
ck_5923f53b77193a58,0.28390340457395513
ck_8049f5fce32be185,0.91448429240113871
ck_ebc5a2c6cf88e252,0.042850472551688917
ck_9ea5872f14cce338,0.026192759399513689
ck_f7fbc95ebf584379,0.0030653995078870691
ck_bafe82c870356706,0.99474841808262782
ck_278b36c5932d9bff,0.0010545249017795042
ck_6a892dd5d05c1649,0.049766194067654701
ck_0734fd90b2cabd43,0.013920787548875171
ck_9b552204498b6762,0.059382248740204424
ck_f6c909c205767956,0.029284506811931281
ck_32f590e87bc3d715,0.00016645284373265938
ck_66a8325f28be7562,0.0076755614954923217
ck_b129261da9c3c3c9,0.0014560993127663874
ck_a524071c51ddde20,0.024549696201999274
ck_ba576d6d4cb6130b,0.43534866844229697
ck_8d8226520722af78,0.028465675667411899
ck_c5b0f0d4f1655a20,0.045684493584547049
ck_61814ae9b6d8eab1,0.018497102884397022
ck_382ebf136f7fa337,0.4734503025575405
ck_423ff4ede6a9f066,0.047145996171589002
ck_546ad962d04b7de4,0.97218481535242085
ck_9473ea4a01c95f9a,0.18593726977436234
ck_9eb1da8cd35a50ce,0.0084498196695823383
ck_de5eaa2cdbcb67ff,0.19041859951580764
ck_537cc97d0398c922,0.29462570735360633
ck_998475a2e4dfad4e,0.024321423592766393
ck_e62eb708d2688fae,0.053564915555431025
ck_ea623358f704daa7,0.69947679396887696
ck_b911a09f328dfd4b,0.0019690002220981943
ck_4b3506b624e5193c,0.056083982704122952
ck_448456f96788713b,0.092208259054401595
ck_5d5ef9e75f65d076,0.064077902092288086
ck_3b74512f774a6e5a,0.0071066741218436501
ck_a032e8ac1507c6df,0.6864660753315508
ck_7e2d6b22a0ae20c2,0.14382418463002622
ck_d80283209c963f11,0.0097926008776524961
ck_d1157eade2ac3975,0.011086019085911124
ck_be48f583f79427f7,0.06587870718183407
ck_0027b5d4107d65d8,0.11514750059193916
ck_94fff69584dd3b2a,0.058964895798819306
ck_75fcda73f0b43557,0.014909537962892704
ck_a1c78972e4ee4082,0.051090838128421745
ck_f0982bbdbd122f91,0.023481946399629409
ck_3199b471575aeb3a,0.0022973572241560864
ck_7fa947a0b1c1cf74,0.034677296178612094
ck_a60c618b7f0e4252,0.005789945036706246
ck_722ac47c8ac9b6c3,0.61838444887614019
ck_d44dc3839a195c8a,0.097076978113712326
ck_a2c3e82fab520483,0.013953652328647002
ck_6f8ae0319c07cafe,0.0019376694408404925
ck_49886ff1e2c759d6,0.05151203015447945
ck_150a1108f936e6b0,0.0028330094747871471
ck_e21f9f96f597695b,0.020716936334256027
ck_7297bff2b7fdcbc8,0.0004201404944585229
ck_ee949c71f4f702eb,0.99439520681788096
ck_6fc37dea4b4f35c6,0.20686828971501281
ck_e76257caa98dc25d,0.9974988724665701
ck_828eef2334e17b3a,0.030886982189981968
ck_604e1b8a8c693aa7,0.0070009388056175015
ck_7743c9fe037d1f9e,0.064764651052779634
ck_864a11202e19e812,0.53416354176733005
ck_4ec040b9e3785e4a,0.001815256558028173
ck_7346e4f820d9c00a,0.983551622805929
ck_48d4d63beb26b623,0.0096289637122357972
ck_c423aa6de3ed1e01,0.0039216905781526215
ck_d74b2ead8aaa3f73,0.012213514706531233
ck_1dd69a11daa7bf1a,0.036370561489285691
ck_d9143e236eef177f,0.016761905977165963
ck_f790d91e5ff0eccd,0.61498659186351101
ck_69b5620e00ef5dec,0.00079646257126159408
ck_cd32e58e8a1c0e85,0.020256114744582873
ck_064013b0957d87a5,0.99791024126507
ck_a481385c2e60dc4a,0.020315593624461517
ck_d72035cb29db3aa4,0.032223651850273483
ck_3759939a0205306d,0.0060704425629491444
ck_f437a53fc832ec95,0.93682886677548205
ck_260ef2f3e6434819,0.11797426371957562
ck_35e411b05d22f663,0.012669489014201805
ck_8bf46e472f3e20de,0.40827227687196266
ck_d546994fc5d3e9d1,0.0071981511896152461
ck_6ff0fc7487e737e7,0.78504008750879817
ck_5c67f27816ae0b6f,0.017535252627493086
ck_c5517923458106ae,0.0071973751628429689
ck_d9735647a6b0b0a7,0.82902553696409553
ck_541a734fc457246f,0.098431980578849193
ck_2f6a639468f41043,0.0052403829136842784
ck_bea2cf7a6b7bb900,0.023610923568937681
ck_7eebd0e6ad6c070e,0.0054603655633469741
ck_b64c87d5e3b10e6a,0.94087202187338126
ck_9dd7daacb7833233,0.022922494439044375
ck_396e9ea9a6c6d7d9,0.031642057050350635
ck_1645e6cc53fa99ff,0.023771851051417707
ck_ea2a83ccb8d57490,0.0055660110022873674
ck_e64f0df63e1be595,0.047293952600700476
ck_fa0b234481cb57d3,0.056044848070420594
ck_63379e3c9fe6f711,0.029283444609146132
ck_c67f7944896a0310,0.24311114641968834
ck_c10e54c9db29e6ef,0.99889858672066556
ck_7184ad7709ae4c80,0.025758412583836515
ck_f8b6069d7577fde6,0.0031227058929411819
ck_18444be153bac1ca,0.92458947682533577
ck_d0982b4e0e118e4d,0.032488419674698149
ck_6faf3e6820398866,0.0086783436786727428
ck_97e980463aca4644,0.0096791389944311853
ck_630c835243c66b19,0.99158281545642435
ck_fe429ba3e1aa0e4f,0.037937196523172789
ck_1058129ed7b48c59,0.011584592698402282
ck_04a1a46f07885296,0.015845823056017855
ck_f01e94331067edf6,0.0080085214309875228
ck_77b2fb17c29f5e72,0.067786168613751155
ck_4f0c5857da45fb28,0.31724584719319177
ck_2cfb9a7775e8a5bc,0.99046980581988131
ck_6846100e43659bf3,0.0036690774522503437
ck_f89719a854fe11d7,0.01885939512010984
ck_bf47375e41ca3bc0,0.0022015802635257237
ck_2770b0400a7bef08,0.076911770944960614
ck_2a09d142de1c77ff,0.027335015322493932
ck_857a1f5547b9ad68,0.021868948690076863
ck_185f15b1523bbcf4,0.0024827019520052935
ck_ab2aed614ec1cdf8,0.096733614066605592
ck_a9e7f3b2d5dfd97b,0.002373606868501054
ck_0eeb3d9b3e697edb,0.045942283469695547
ck_fa5830d81bc8ddc1,0.0044268627716201854
ck_231ae0329ebc3220,0.016128366532732096
ck_1587763dd54688c9,0.0015253987440965878
ck_9f85fea4490c00cf,0.016364458471869472
ck_a2d709e7eb91e4af,0.1438602525794504
ck_43637d28c7216453,0.011513844782973046
ck_f3ab5dd853d38252,0.025460080882824043
ck_4a1f0172d3bf4fd3,0.058466126009721828
ck_517620ca16505af0,0.0035598755872095853
ck_9ae904fbef56065c,0.0073062536326448093
ck_d5ef1f6e34bb35b8,0.20027987572205452
ck_ff42557857ae3aeb,0.0018551456754859728
ck_ad9a18f58589faa7,0.013519484250144204
ck_df1a6edaa3e6b271,0.0041519707200005779
ck_99021fe7225b5a68,0.047388688501979047
ck_99e52c3c2530b69e,0.99787459419087354
ck_3a4811dc4a1a891d,0.011279675188607546
ck_ba3a6be026c87079,0.005771200319281535
ck_da6d1e5cf6aba6fd,0.010829875360458749
ck_ddc7c1f3d45fe6e6,0.036889575342085923
ck_e1b1e7a7e4a15b3e,0.0047833386602592932
ck_8288f7f226e08b89,0.013366294950691842
ck_c4524993ec31dbe5,0.0018059187317520675
ck_8b19bb5b23b6741c,0.053096831960100344
ck_d21b38231a8a9f4a,0.42665794655621209
ck_3f730318a9792292,0.092407774912288229
ck_a4db6e94a8f77f9d,0.079376460422661277
ck_a8cac8d480306839,0.00074561461981108887
ck_5472214011fbc2a7,0.0021399698725123426
ck_7356f47dbbbe7904,0.011546075986986299
ck_16801e628e883d78,0.020629492789188096
ck_0dc1e536231c4860,0.011520753941428978
ck_7cd0634a6e60af83,0.033719550351685848
ck_ef6f8e048ae1bd4b,0.03246016348007684
ck_82f3f744209888ac,0.16343962717511618
ck_f33188c232a03526,0.57619263198451143
ck_4a59f4e10bf45d7f,0.0025570193751515515
ck_d96c893721385e4e,0.0014560432139496173
ck_f65ab819373edb37,0.045472954320477682
ck_21cac21fc10b7768,0.0080250302460351929
ck_139b54e6ccbdd7da,0.28507116666658211
ck_d6f5c8741697abb3,0.031408233323950992
ck_a28d9bb5590d458f,0.13484881403642252
ck_ed26d906883bea0a,0.014470940494424331
ck_227602ad072b838b,0.00073840778757735853
ck_39d5f6c17c745ab1,0.0019538168657675633
ck_744eade757ba69b5,0.13284309616428486
ck_c1295d97cdf35ec2,0.0066525214362716002
ck_69105f881da3c821,0.034234544238703979
ck_933789b55361d7c1,0.97949972973171606
ck_b667952253503174,0.0091701948897876962
ck_7bf668e25abeeb05,0.0020578584252163761
ck_91742711dfdffd56,0.022724540260548168
ck_af32a0660090dd68,0.041882845376842434
ck_2122f201e65f76ee,0.0022225525805621865
ck_f48acb73a5d6af07,0.05155850061632581
ck_337c5684510cf432,0.39093632588229327
ck_f7bde7265053364d,0.035486148227864368
ck_c190c7b924edba75,0.10792526618596958
ck_044fa3b3a003f0b5,0.02841698999561067
ck_87eb43e3b9d96169,0.31659322135381535
ck_2d3d6c9364362017,0.0014541600014144884
ck_ac55dc6cbcdf8228,0.02167833634613987
ck_61d7b0568ec5d6cf,0.1012835526311304
ck_89c74feeaffa7d09,0.0067943208488931315
ck_93776b0c113f41f0,0.1023852588701301
ck_15e0b679931f7a8d,0.0047984111974923235
ck_77b56c49cfdb1d81,0.28404523257808101
ck_73188a826b5f499f,0.0067638347287588118
ck_4f463ef25325ddfa,0.55734542529970699
ck_863db2e394dc47d1,0.99814464563448113
ck_d52432ed597f3cc9,0.0028776385976361633
ck_04fb61e5739642f8,0.074027582022825528
ck_2e481d75d110c06d,0.087874177679563487
ck_3fa1a523d77cd619,0.022874579245047422
ck_466dc6274fecd708,0.013683392523958136
ck_e1790b3aa2241b10,0.95664193368830253
ck_84ad096a46e1a960,0.058531710419993041
ck_3be72c9c178fa00d,0.035268016025517754
ck_5a17c89219d1d9fe,0.026508655660315048
ck_4f639f4ee6ce8d9e,0.10404805285278795
ck_f4ec4a935e51b4db,0.019004300649408834
ck_f04040a830f92bac,0.055282101450260718
ck_3e4d02a04be2aaf8,0.16507062557312599
ck_4d1baef193cfb900,0.057449308121104325
ck_0fb3153d37626b75,0.00073306891014654203
ck_88ec57a11b11f702,0.9844979485431895
ck_dca9dc465f759db4,0.0040465671020204754
ck_64f5fba6af67e024,0.029451164995338446
ck_896096cb167254ef,0.066184082979071995
ck_7878679065876b98,0.045521434967327072
ck_fe8e5a6c880ceb4e,0.0029956618688249705
ck_a5e036327d3d1862,0.0004768989357261898
ck_310f73940fc4cf4f,0.023782021105348411
ck_46a8db16ad00b749,0.069179511695085183
ck_0d33977c3de8cfaf,0.99842785573535497
ck_c6fff412f531db0f,0.00049120616587255126
ck_bac6dadf428eaea9,0.032328042403005797
ck_1b96d9af0d7da2d5,0.0056481579873613004
ck_fa8a4a9e77799fcc,0.0098043091506598515
ck_0bf48607a874b4d1,0.0012424903038804993
ck_eeb75f8a6439f65e,0.060235563946724288
ck_a209a5f7d172125e,0.024573448649022764
ck_8f346b72fb40bf14,0.0029945710154667187
ck_bccbf9fef367f00f,0.0090772137292256892
ck_2d1548f1ee405cc9,0.085121680972946104
ck_e8298ff2dc1e9d50,0.0048929900608576885
ck_77c0fb524edb4a94,0.015901183505536546
ck_28ac4c5134cb8e77,0.059569993204835227
ck_db23a0e3e54be60c,0.58026254119260112
ck_a059d00cee5cee99,0.0024957417662251559
ck_3e9e3bba8bd363af,0.0060077776357420976
ck_0428728df24cdab4,0.0033752442126784225
ck_88cd35378075c84f,0.00089904642971920751
ck_0174d76398d9dc0f,0.18239333931406296
ck_3f1287e6c27de0dc,0.031464728553544687
ck_ff822700f3605e06,0.99944093036440318
ck_4563227b2038ae07,0.70631293027951625
ck_788e78065526ee19,0.1222978020596084
ck_8a16eb584093b12f,0.0023045357463045467
ck_cc276f71ab6c08fd,0.14644934110315541
ck_d61d97b21002f3e9,0.033693815622579691
ck_4b2e87d86a5e415c,0.054251835796824618
ck_3e6f35e4500d2f2a,0.00092351280770633804
ck_3acdb083e0d8ad61,0.0052526577661810916
ck_cd655202db489010,0.0029023076079112923
ck_829cbf5ccda481ae,0.0043337410437321172
ck_f5882e6f98b8b4cd,0.002231763715329846
ck_767947540b234add,0.032931636106882156
ck_a6e8e8f535b1f1d1,0.082618637735387426
ck_58412a2674fea506,0.027029249480817006
ck_fae7e518a585fa61,0.057457712619140219
ck_9c60ae6958d68dbd,0.54169570772994913
ck_328696b8f5e54ec6,0.24424676113226618
ck_7df3f8f4f1068d62,0.0081620622619465438
ck_cfadd21458230ef7,0.0053012922488310694
ck_7048bedd554c703b,0.0043726995574766073
ck_50422466f145bfd7,0.0016499395121860984
ck_61e1f7168cd9ff25,0.12045138092864391
ck_733aff0f56f5b3c9,0.063982493424244932
ck_e14892e424180549,0.0055045993858600364
ck_03f6664a96de7d0f,0.03971174649577007
ck_b7f4baa2cc82fe61,0.011666900258992771
ck_1e51199a075ca0fa,0.0031342529046972023
ck_0e70516fa07cfb17,0.98327912270385798
ck_0f37c554a5057801,0.90930207827496012
ck_5576b725de38d106,0.0057819918844957564
ck_82f360df1e9f4eb8,0.10781231338361696
ck_395f3bd4aacd7ca6,0.057892990721271895
ck_5e8e857b63966609,0.70732909247483189
ck_93470896f0804b6b,0.98639911090442434
ck_3be854e42e76569a,0.0034223535201960168
ck_0567302c57a2417e,0.12024924080302105
ck_ee535461b5f05539,0.66252049505163968
ck_94a096c36162a153,0.015814110682090654
ck_dfc8f5c141fd7c63,0.018801907270583031
ck_98b34f2d704c1c2a,0.04205033653487622
ck_96dff7a09d45f116,0.057390615549367495
ck_79557434c129ba52,0.014743286884338002
ck_4596624a7c01d501,0.040386111245853534
ck_04e89fbd739243fa,0.00634170654905368
ck_6149ffaf18872dc8,0.0030651258829482958
ck_cd78f0832a09bd8f,0.77737599697047255
ck_7e29c10d781c3b41,0.0022415334747284588
ck_1f7ee7b23fc6f2f4,0.0065093275476624229
ck_c49b685d2b3ab89a,0.0026531499907531592
ck_84569a8fc50e73ac,0.035244625881171339
ck_b92b11d205af91eb,0.0014200650249824914
ck_06280e6d6d2485b0,0.0085109701934332916
ck_3c08546dd0c92863,0.028093507775651307
ck_99d3983f907828bf,0.0089456002393701189
ck_eccfd552aa652d3c,0.040325586261261509
ck_0cff8153881875ba,0.076154697645356956
ck_c1aebbeca6ab5ff9,0.0053298247123791213
ck_538fdbbb3c2bcbbb,0.0248593493197421
ck_8c0210322733c718,0.0082928959758146199
ck_0b0c93039f987abc,0.0085327724363666729
ck_6d07d6d1bd227d37,0.18180417034169244
ck_9b6ee35e8cd0b11c,0.0060719645998846584
ck_d838491d3d4f5ecf,0.011226448931713271
ck_0593ae243a9ebee9,0.024296224531741101
ck_ef261fc09be8eb0b,0.0061015344755403749
ck_d0935b571a4a3868,0.048642571320097729
ck_97d04a67a104af39,0.13358155179010597
ck_e25f70d0b7229420,0.04781150507548592
ck_9b71274ff83de482,0.99687996060990969
ck_6de2aa2bb60978d3,0.088025854911531726
ck_eda55c8fb47593d7,0.027045867670811803
ck_924e572517515f19,0.76722868302348668
ck_d6f27eacbad310f4,0.007255606886163635
ck_8550f229b5eb03ab,0.0078241205609438196
ck_e3e95546a84d0ed8,0.066264695101351925
ck_3135c019696ee6af,0.98203581936175421
ck_41ba315d8fccb559,0.0044957617807958854
ck_72b86e4485da2d0f,0.99734190921237187
ck_daaa995f3c2f0e47,0.018627700792065056
ck_053746067839696b,0.043350546472067583
ck_a15fe7d0f4b65c33,0.7431568817757841
ck_15de11438732bb05,0.0090994002993388563
ck_2c4d25acbe3fabd9,0.014924887995392504
ck_7f08078908599bd2,0.076631127840914387
ck_e794741742fb2619,0.026054286223561578
ck_238e53b6dee8c301,0.0027412257882375893
ck_53a6a33060d5c8b8,0.020619812996414924
ck_0e0919292ad33472,0.79169509445686159
ck_d86ccf148c06c8c8,0.046057752947911285
ck_c881f26c9bf9ae42,0.83112069832822888
ck_4b0947bf94e9d847,0.02268419381547964
ck_e10ff5c38bd18470,0.017846968457987483
ck_b60de9e97aad9e45,0.94197320933430162
ck_190bc849e5ff5401,0.054814429087987927
ck_e7be077aa0b2632c,0.0033411139646597095
ck_a51abde881ebeff3,0.032047362541198547
ck_2208392a9f6bd249,0.019167614044535902
ck_0259da8f109017e9,0.0054578292565577915
ck_05e01ab9c95449da,0.039752422170090354
ck_c82897ebffb6ae66,0.0069412224310607716
ck_b4a6bb4689cd7cfa,0.021053288935151682
ck_9e21ea33018ce538,0.015436079425370175
ck_caa348f0e65db062,0.99468581335779893
ck_a964e6b5d8415334,0.75122110124629737
ck_510bfbbee37ff436,0.012985705122437378
ck_9741a82faf5c7889,0.093511361353165748
ck_e7f61b4a39ba98ac,0.002015811939059942
ck_069d158665a53909,0.031513250767898321
ck_6426427efe3228af,0.077190909561726098
ck_ab4a8d02ec3c0fd7,0.0014874450728863762
ck_aefa0d8d933e0eca,0.073717683191157762
ck_232325ef6bce92f1,0.01295336044188412
ck_14e58c3fb26a2b4d,0.22712093357263113
ck_06e73afdec26aecc,0.49146636294203971
ck_3168f4f2778d64e1,0.010128726655272736
ck_ff3998d6858daa21,0.0012594799303883436
ck_bccff46fb0868454,0.28167645962359006
ck_c7d444d90fa86d7c,0.91022982721600254
ck_f0bc3bdee6bfbb94,0.10322871135247633
ck_f7112818a6d81422,0.056308373183044269
ck_aca35dbcb835ad02,0.065545120905692075
ck_f637fabf0f60528f,0.029324017668630575
ck_53d17ab97de1ac3e,0.012518017358678111
ck_c8c1bf16d9113493,0.29365361453603106
ck_e842fb0cf055a83b,0.12433783983590505
ck_93c0cb3dac4891fe,0.0086194179709756149
ck_0c1f088e17e46daf,0.053726496717781458
ck_8f4b384955bf57c9,0.015823522026342279
ck_09cd5c4df1e81ac2,0.33698398469619972
ck_1e832a5b2342554f,0.046985358798098412
ck_2cb763a881aee27f,0.0015624128809402361
ck_5875828b11406398,0.011605756490689199
ck_48e84b0cb0b90fa7,0.016725825303196114
ck_833688de8629c5c0,0.0056999904775917997
ck_117d78ccd5820f36,0.028803021168688304
ck_668ec61c4c39cae3,0.0017579418117173512
ck_73a7794b659d7a34,0.0050163507646187539
ck_10f90d879209734f,0.0077094687129207543
ck_d1d079913aa158bf,0.013846604922709428
ck_01c631b38e8a9535,0.016094896075270624
ck_f6923088c17a04e2,0.1885964733375684
ck_b447badc9138987d,0.00058437990170735169
ck_8b772caed8f1541c,0.0023038536708295245
ck_5403c76fe68a08ba,0.74556418790713941
ck_3e6833574edf1736,0.0079640036545534434
ck_e527fbb9450a4581,0.98885840117144785
ck_cc90e219f1ebf390,0.00065215901182190405
